Gender,Married,Education,Self_Employed,Loan_Amount_Term,Credit_History,Loan_Status,Total_Income,LoanAmount_log,Total_Income_log,Property_Area_Semiurban,Property_Area_Urban,Income_category_Low,Income_category_Mid,Income_category_Very High,Dependents_1,Dependents_2,Dependents_3+
1,0,0,0,360,1,1,5849,4.986425673,8.674025985,FALSE,TRUE,FALSE,FALSE,FALSE,FALSE,FALSE,FALSE
1,1,0,0,360,1,0,6091,4.852030264,8.714567551,FALSE,FALSE,FALSE,FALSE,TRUE,TRUE,FALSE,FALSE
1,1,0,1,360,1,1,3000,4.189654742,8.006367568,FALSE,TRUE,FALSE,TRUE,FALSE,FALSE,FALSE,FALSE
1,1,1,0,360,1,1,4941,4.787491743,8.505323019,FALSE,TRUE,FALSE,FALSE,FALSE,FALSE,FALSE,FALSE
1,0,0,0,360,1,1,6000,4.94875989,8.699514748,FALSE,TRUE,FALSE,FALSE,TRUE,FALSE,FALSE,FALSE
1,1,0,1,360,1,1,9613,5.587248658,9.170871628,FALSE,TRUE,FALSE,FALSE,TRUE,FALSE,TRUE,FALSE
1,1,1,0,360,1,1,3849,4.553876892,8.255568653,FALSE,TRUE,FALSE,TRUE,FALSE,FALSE,FALSE,FALSE
1,1,0,0,360,0,0,5540,5.062595033,8.61974978,TRUE,FALSE,FALSE,FALSE,FALSE,FALSE,FALSE,TRUE
1,1,0,0,360,1,1,5532,5.123963979,8.618304693,FALSE,TRUE,FALSE,FALSE,FALSE,FALSE,TRUE,FALSE
1,1,0,0,360,1,0,23809,5.855071922,10.07781894,TRUE,FALSE,FALSE,FALSE,TRUE,TRUE,FALSE,FALSE
1,1,0,0,360,1,1,3900,4.248495242,8.268731832,FALSE,TRUE,FALSE,TRUE,FALSE,FALSE,TRUE,FALSE
1,1,0,0,360,1,1,4340,4.691347882,8.375629627,FALSE,TRUE,FALSE,FALSE,FALSE,FALSE,TRUE,FALSE
1,1,0,0,360,1,1,11179,5.298317367,9.321792297,FALSE,TRUE,FALSE,FALSE,TRUE,FALSE,TRUE,FALSE
1,0,0,0,360,1,0,4693,4.736198448,8.453827316,FALSE,FALSE,FALSE,FALSE,FALSE,FALSE,FALSE,FALSE
1,1,0,0,120,1,1,2385,2.833213344,7.776954403,FALSE,TRUE,TRUE,FALSE,FALSE,FALSE,TRUE,FALSE
1,0,0,0,360,1,1,4950,4.828313737,8.507142856,FALSE,TRUE,FALSE,FALSE,FALSE,FALSE,FALSE,FALSE
1,0,1,0,240,1,1,3596,4.605170186,8.187577396,FALSE,TRUE,FALSE,TRUE,FALSE,TRUE,FALSE,FALSE
0,0,0,0,360,0,0,3510,4.33073334,8.163371316,FALSE,TRUE,FALSE,TRUE,FALSE,FALSE,FALSE,FALSE
1,1,1,0,360,1,0,4887,4.890349128,8.494333897,FALSE,FALSE,FALSE,FALSE,FALSE,FALSE,FALSE,FALSE
1,1,0,0,342,1,1,6100,4.744932128,8.71604405,FALSE,TRUE,FALSE,FALSE,TRUE,FALSE,FALSE,FALSE
1,1,1,0,360,0,0,7660,4.644390899,8.943767263,FALSE,TRUE,FALSE,FALSE,TRUE,FALSE,FALSE,FALSE
1,1,0,0,360,1,1,11580,5.752572639,9.357034751,FALSE,TRUE,FALSE,FALSE,TRUE,TRUE,FALSE,FALSE
1,1,1,0,360,0,0,4511,4.753590191,8.414274137,TRUE,FALSE,FALSE,FALSE,FALSE,FALSE,FALSE,FALSE
1,1,1,0,360,0,0,5282,4.718498871,8.572060093,FALSE,FALSE,FALSE,FALSE,FALSE,FALSE,TRUE,FALSE
1,1,0,0,360,1,0,6642,5.017279837,8.801168402,TRUE,FALSE,FALSE,FALSE,TRUE,TRUE,FALSE,FALSE
1,1,0,1,360,1,1,9560,5.252273428,9.165343006,TRUE,FALSE,FALSE,FALSE,TRUE,FALSE,FALSE,FALSE
1,1,0,0,360,1,1,5052,4.804021045,8.527539483,TRUE,FALSE,FALSE,FALSE,FALSE,FALSE,FALSE,FALSE
1,1,1,0,360,1,1,5266,4.700480366,8.56902634,FALSE,TRUE,FALSE,FALSE,FALSE,FALSE,TRUE,FALSE
1,0,1,0,360,1,0,1442,3.555348061,7.273786318,FALSE,TRUE,TRUE,FALSE,FALSE,FALSE,FALSE,FALSE
0,0,0,0,360,1,1,5833,4.787491743,8.671286727,TRUE,FALSE,FALSE,FALSE,FALSE,FALSE,TRUE,FALSE
1,1,0,0,360,1,0,7535,5.303304908,8.927314111,FALSE,TRUE,FALSE,FALSE,TRUE,TRUE,FALSE,FALSE
1,0,0,0,360,1,0,3167,4.304065093,8.060540047,FALSE,TRUE,FALSE,TRUE,FALSE,FALSE,FALSE,FALSE
1,0,0,1,360,1,0,4692,4.663439094,8.45361421,FALSE,FALSE,FALSE,FALSE,FALSE,TRUE,FALSE,FALSE
1,1,0,0,360,1,1,5167,4.736198448,8.550047528,TRUE,FALSE,FALSE,FALSE,FALSE,FALSE,FALSE,FALSE
1,0,0,0,360,1,0,15500,5.768320996,9.648595303,FALSE,FALSE,FALSE,FALSE,TRUE,FALSE,FALSE,TRUE
1,1,0,0,360,1,1,4342,4.986425673,8.37609035,FALSE,TRUE,FALSE,FALSE,FALSE,FALSE,FALSE,FALSE
1,1,0,0,342,0,0,3158,4.605170186,8.057694195,FALSE,TRUE,FALSE,TRUE,FALSE,FALSE,FALSE,FALSE
0,1,0,0,360,1,1,5126,4.9698133,8.542080907,TRUE,FALSE,FALSE,FALSE,FALSE,FALSE,FALSE,FALSE
1,0,0,0,360,1,1,11376,5.214935758,9.339261152,FALSE,TRUE,FALSE,FALSE,TRUE,FALSE,FALSE,FALSE
1,0,1,0,360,1,1,5416,4.700480366,8.597112815,TRUE,FALSE,FALSE,FALSE,FALSE,FALSE,FALSE,FALSE
1,0,0,0,360,1,0,3600,4.382026635,8.188689124,FALSE,TRUE,FALSE,TRUE,FALSE,FALSE,FALSE,FALSE
1,0,0,0,360,1,1,3013,3.850147602,8.010691539,FALSE,TRUE,FALSE,TRUE,FALSE,FALSE,FALSE,FALSE
1,1,0,0,360,1,1,2400,4.317488114,7.783224016,FALSE,TRUE,TRUE,FALSE,FALSE,FALSE,FALSE,FALSE
1,1,0,0,360,1,1,6277,4.8978398,8.744647438,TRUE,FALSE,FALSE,FALSE,TRUE,FALSE,FALSE,FALSE
1,1,1,1,342,1,1,4695,4.564348191,8.454253392,FALSE,TRUE,FALSE,FALSE,FALSE,FALSE,FALSE,FALSE
0,0,0,0,342,1,1,3410,4.477336814,8.13446757,FALSE,TRUE,FALSE,TRUE,FALSE,FALSE,FALSE,FALSE
1,1,0,0,360,1,1,5649,3.784189634,8.639233817,FALSE,TRUE,FALSE,FALSE,FALSE,TRUE,FALSE,FALSE
1,1,0,0,360,1,1,5821,4.9698133,8.669227347,FALSE,TRUE,FALSE,FALSE,FALSE,FALSE,FALSE,FALSE
0,1,0,0,360,0,0,6085,4.787491743,8.713582005,FALSE,TRUE,FALSE,FALSE,TRUE,FALSE,FALSE,FALSE
0,0,0,0,360,1,1,6275,4.9698133,8.744328764,TRUE,FALSE,FALSE,FALSE,TRUE,FALSE,FALSE,FALSE
0,1,1,0,360,1,1,3572,4.605170186,8.180880942,TRUE,FALSE,FALSE,TRUE,FALSE,FALSE,FALSE,FALSE
0,0,0,0,360,1,1,3086,4.787491743,8.034631033,TRUE,FALSE,FALSE,TRUE,FALSE,FALSE,FALSE,FALSE
0,0,0,0,360,1,0,4230,4.718498871,8.349957272,TRUE,FALSE,FALSE,FALSE,FALSE,FALSE,FALSE,FALSE
1,1,0,0,360,1,0,4616,4.8978398,8.437283808,FALSE,TRUE,FALSE,FALSE,FALSE,FALSE,TRUE,FALSE
0,1,0,1,360,0,0,11500,5.655991811,9.350102314,FALSE,TRUE,FALSE,FALSE,TRUE,TRUE,FALSE,FALSE
1,1,0,0,360,1,1,3875,4.574710979,8.262300942,TRUE,FALSE,FALSE,TRUE,FALSE,FALSE,TRUE,FALSE
1,1,0,0,360,1,1,3723,4.564348191,8.222285074,TRUE,FALSE,FALSE,TRUE,FALSE,FALSE,FALSE,FALSE
1,1,0,0,360,1,0,5566,4.905274778,8.624431942,FALSE,FALSE,FALSE,FALSE,FALSE,FALSE,FALSE,FALSE
1,1,0,0,360,1,1,10330,5.192956851,9.242807562,FALSE,TRUE,FALSE,FALSE,TRUE,TRUE,FALSE,FALSE
1,1,1,0,360,1,1,6216,4.9698133,8.734881892,FALSE,TRUE,FALSE,FALSE,TRUE,FALSE,TRUE,FALSE
1,1,0,0,360,1,1,6296,4.787491743,8.74766979,FALSE,TRUE,FALSE,FALSE,TRUE,FALSE,FALSE,FALSE
1,1,0,0,360,1,1,3029,4.59511985,8.015987811,FALSE,TRUE,FALSE,TRUE,FALSE,FALSE,FALSE,TRUE
1,1,1,1,180,0,0,6058,5.105945474,8.709134992,FALSE,FALSE,FALSE,FALSE,TRUE,FALSE,FALSE,FALSE
1,1,0,0,360,0,0,4945,4.986425673,8.506132244,FALSE,FALSE,FALSE,FALSE,FALSE,TRUE,FALSE,FALSE
0,0,0,0,360,0,0,4166,4.753590191,8.334711622,TRUE,FALSE,FALSE,FALSE,FALSE,FALSE,FALSE,FALSE
1,1,0,0,360,1,0,10321,5.552959585,9.241935934,TRUE,FALSE,FALSE,FALSE,TRUE,FALSE,FALSE,FALSE
1,0,1,0,180,0,0,5454,4.836281907,8.604104563,FALSE,TRUE,FALSE,FALSE,FALSE,FALSE,FALSE,FALSE
1,1,0,0,360,1,1,10750,5.743003188,9.282661034,FALSE,TRUE,FALSE,FALSE,TRUE,TRUE,FALSE,FALSE
1,1,1,1,60,1,1,7100,4.828313737,8.867850063,FALSE,TRUE,FALSE,FALSE,TRUE,FALSE,FALSE,TRUE
0,0,0,0,360,0,0,4300,4.912654886,8.366370302,TRUE,FALSE,FALSE,FALSE,FALSE,FALSE,FALSE,FALSE
1,1,0,0,360,1,1,6274,5.147494477,8.744169389,FALSE,TRUE,FALSE,FALSE,TRUE,FALSE,FALSE,FALSE
1,1,1,1,360,1,1,3750,4.574710979,8.229511119,TRUE,FALSE,FALSE,TRUE,FALSE,FALSE,TRUE,FALSE
1,0,0,0,300,1,1,3500,4.394449155,8.160518247,TRUE,FALSE,FALSE,TRUE,FALSE,FALSE,FALSE,FALSE
1,1,1,0,342,0,0,4755,4.553876892,8.466951975,TRUE,FALSE,FALSE,FALSE,FALSE,FALSE,FALSE,TRUE
1,1,0,1,360,1,1,7040,5.231108617,8.859363449,TRUE,FALSE,FALSE,FALSE,TRUE,FALSE,FALSE,TRUE
1,0,0,0,480,1,0,3750,4.727387819,8.229511119,FALSE,TRUE,FALSE,TRUE,FALSE,FALSE,FALSE,FALSE
1,0,0,0,360,1,0,8500,5.170483995,9.047821442,FALSE,TRUE,FALSE,FALSE,TRUE,FALSE,FALSE,FALSE
1,1,0,1,360,1,0,4022,4.700480366,8.29953457,FALSE,TRUE,FALSE,FALSE,FALSE,TRUE,FALSE,FALSE
1,1,0,0,300,0,0,7167,5.192956851,8.877242436,TRUE,FALSE,FALSE,FALSE,TRUE,FALSE,FALSE,TRUE
1,1,1,1,360,1,1,5499,4.86753445,8.612321537,TRUE,FALSE,FALSE,FALSE,FALSE,FALSE,FALSE,TRUE
0,0,0,0,360,1,1,3846,4.709530201,8.254788926,TRUE,FALSE,FALSE,TRUE,FALSE,FALSE,FALSE,FALSE
1,1,0,1,360,1,1,2395,4.986425673,7.78113851,TRUE,FALSE,TRUE,FALSE,FALSE,TRUE,FALSE,FALSE
0,1,0,0,360,1,0,3259,5.117993812,8.089175679,FALSE,TRUE,FALSE,TRUE,FALSE,FALSE,TRUE,FALSE
1,1,0,0,360,1,0,8250,5.579729826,9.017968479,TRUE,FALSE,FALSE,FALSE,TRUE,FALSE,FALSE,FALSE
1,1,0,0,240,1,1,3988,3.912023005,8.291045131,FALSE,TRUE,FALSE,TRUE,FALSE,TRUE,FALSE,FALSE
1,0,0,0,360,1,1,4897,4.912654886,8.496378052,TRUE,FALSE,FALSE,FALSE,FALSE,FALSE,FALSE,FALSE
1,1,1,0,360,1,1,5333,4.59511985,8.581669211,TRUE,FALSE,FALSE,FALSE,FALSE,FALSE,TRUE,FALSE
1,1,0,0,360,1,1,4618,4.644390899,8.43771699,TRUE,FALSE,FALSE,FALSE,FALSE,FALSE,FALSE,FALSE
1,0,0,0,360,1,1,8566,5.347107531,9.055556158,FALSE,TRUE,FALSE,FALSE,TRUE,FALSE,FALSE,FALSE
1,1,0,0,360,1,1,9862,5.164785974,9.196444267,TRUE,FALSE,FALSE,FALSE,TRUE,FALSE,FALSE,FALSE
1,1,0,0,360,1,1,5858,4.875197323,8.675563527,TRUE,FALSE,FALSE,FALSE,FALSE,FALSE,FALSE,FALSE
1,1,0,0,180,1,1,11904,5.236441963,9.384629757,TRUE,FALSE,FALSE,FALSE,TRUE,FALSE,TRUE,FALSE
1,1,1,0,360,1,1,5093,4.394449155,8.535622327,FALSE,TRUE,FALSE,FALSE,FALSE,FALSE,TRUE,FALSE
1,0,0,0,360,1,1,4133,4.804021045,8.326758815,TRUE,FALSE,FALSE,FALSE,FALSE,FALSE,FALSE,FALSE
1,0,1,0,120,1,1,3620,3.218875825,8.194229305,TRUE,FALSE,FALSE,TRUE,FALSE,FALSE,FALSE,FALSE
1,0,0,0,360,1,0,6782,4.986425673,8.822027323,FALSE,TRUE,FALSE,FALSE,TRUE,FALSE,FALSE,FALSE
0,1,0,0,360,1,1,4786,4.919980926,8.473450268,TRUE,FALSE,FALSE,FALSE,FALSE,FALSE,FALSE,FALSE
1,1,0,0,360,1,1,2974,3.912023005,7.997663127,TRUE,FALSE,FALSE,TRUE,FALSE,FALSE,FALSE,FALSE
1,1,1,0,180,1,1,4188,4.744932128,8.339978572,TRUE,FALSE,FALSE,FALSE,FALSE,FALSE,FALSE,FALSE
1,1,0,0,360,1,1,5300,4.875197323,8.5754621,TRUE,FALSE,FALSE,FALSE,FALSE,FALSE,FALSE,FALSE
1,1,1,0,180,1,1,7551,4.890349128,8.929435284,FALSE,TRUE,FALSE,FALSE,TRUE,FALSE,TRUE,FALSE
1,0,0,0,360,1,1,8649,5.017279837,9.065198986,TRUE,FALSE,FALSE,FALSE,TRUE,FALSE,FALSE,FALSE
1,1,0,0,360,1,1,13650,4.986425673,9.521494801,FALSE,TRUE,FALSE,FALSE,TRUE,FALSE,FALSE,FALSE
1,1,0,0,360,1,1,8235,4.986425673,9.016148643,TRUE,FALSE,FALSE,FALSE,TRUE,FALSE,FALSE,FALSE
1,1,0,0,360,1,1,4570,5.075173815,8.427268484,FALSE,TRUE,FALSE,FALSE,FALSE,FALSE,FALSE,FALSE
1,1,0,0,360,1,1,4082,4.605170186,8.314342343,FALSE,TRUE,FALSE,FALSE,FALSE,TRUE,FALSE,FALSE
1,1,0,0,360,1,1,12543,5.416100402,9.43691802,FALSE,TRUE,FALSE,FALSE,TRUE,FALSE,TRUE,FALSE
1,0,1,0,360,1,0,7333,4.787491743,8.900139988,FALSE,FALSE,FALSE,FALSE,TRUE,FALSE,FALSE,FALSE
1,1,0,0,360,0,0,7400,5.375278408,8.909235279,FALSE,TRUE,FALSE,FALSE,TRUE,FALSE,TRUE,FALSE
1,1,1,0,480,1,1,2825,4.543294782,7.946263644,TRUE,FALSE,FALSE,TRUE,FALSE,FALSE,FALSE,TRUE
1,0,0,0,360,1,1,5316,4.912654886,8.57847642,FALSE,TRUE,FALSE,FALSE,FALSE,FALSE,FALSE,FALSE
0,1,0,0,360,1,1,5262,4.934473933,8.568266462,TRUE,FALSE,FALSE,FALSE,FALSE,FALSE,FALSE,FALSE
1,1,1,0,342,0,0,7686,5.023880521,8.947155771,FALSE,FALSE,FALSE,FALSE,TRUE,FALSE,FALSE,FALSE
0,0,0,1,360,1,1,7451,4.986425673,8.916103531,TRUE,FALSE,FALSE,FALSE,TRUE,TRUE,FALSE,FALSE
1,0,0,0,360,1,1,5050,4.770684624,8.527143522,TRUE,FALSE,FALSE,FALSE,FALSE,FALSE,FALSE,FALSE
1,1,0,0,180,1,1,14583,5.220355825,9.587611746,FALSE,FALSE,FALSE,FALSE,TRUE,TRUE,FALSE,FALSE
0,1,0,0,360,1,1,5450,5.036952602,8.603370888,TRUE,FALSE,FALSE,FALSE,FALSE,FALSE,FALSE,FALSE
1,1,0,0,360,1,1,3612,4.442651256,8.192016915,FALSE,TRUE,FALSE,TRUE,FALSE,TRUE,FALSE,FALSE
1,1,0,0,360,1,0,7710,5.164785974,8.950273467,FALSE,FALSE,FALSE,FALSE,TRUE,FALSE,FALSE,FALSE
0,0,0,0,360,1,1,10408,5.556828062,9.25033002,FALSE,TRUE,FALSE,FALSE,TRUE,FALSE,FALSE,FALSE
1,1,0,0,360,1,1,8334,5.192956851,9.028098812,FALSE,FALSE,FALSE,FALSE,TRUE,FALSE,FALSE,FALSE
0,0,0,0,360,1,1,4166,3.784189634,8.334711622,TRUE,FALSE,FALSE,FALSE,FALSE,FALSE,FALSE,FALSE
0,0,0,0,360,0,1,11117,4.919980926,9.316230747,TRUE,FALSE,FALSE,FALSE,TRUE,FALSE,FALSE,FALSE
1,1,0,0,360,1,1,2957,4.394449155,7.99193052,TRUE,FALSE,FALSE,TRUE,FALSE,FALSE,TRUE,FALSE
1,1,1,0,360,1,1,6314,5.267858159,8.750524669,FALSE,FALSE,FALSE,FALSE,TRUE,FALSE,FALSE,FALSE
0,0,0,0,360,1,1,3692,4.532599493,8.213923596,FALSE,FALSE,FALSE,TRUE,FALSE,FALSE,FALSE,FALSE
1,1,0,0,360,1,1,23803,5.913503006,10.0775669,FALSE,FALSE,FALSE,FALSE,TRUE,FALSE,FALSE,TRUE
1,0,0,0,360,1,1,5505,4.986425673,8.613412049,FALSE,FALSE,FALSE,FALSE,FALSE,FALSE,FALSE,FALSE
1,1,0,1,180,0,0,14363,5.075173815,9.572410734,FALSE,TRUE,FALSE,FALSE,TRUE,TRUE,FALSE,FALSE
1,1,0,0,360,1,0,8649,5.204006687,9.065198986,FALSE,FALSE,FALSE,FALSE,TRUE,FALSE,FALSE,FALSE
1,0,0,1,480,1,1,20166,6.476972363,9.911753297,FALSE,TRUE,FALSE,FALSE,TRUE,FALSE,FALSE,FALSE
1,0,0,0,360,1,1,3943,4.304065093,8.279697134,FALSE,TRUE,FALSE,TRUE,FALSE,FALSE,FALSE,FALSE
1,0,0,0,360,1,1,2718,4.248495242,7.907651595,TRUE,FALSE,FALSE,TRUE,FALSE,FALSE,FALSE,FALSE
1,1,0,1,120,1,1,3459,3.218875825,8.148734809,TRUE,FALSE,FALSE,TRUE,FALSE,FALSE,FALSE,FALSE
1,0,0,0,360,1,1,4895,4.624972813,8.495969555,TRUE,FALSE,FALSE,FALSE,FALSE,FALSE,FALSE,FALSE
1,1,0,0,360,1,0,11750,5.669880923,9.37160852,TRUE,FALSE,FALSE,FALSE,TRUE,FALSE,FALSE,TRUE
0,1,0,0,360,1,0,4583,4.430816799,8.430109085,FALSE,FALSE,FALSE,FALSE,FALSE,FALSE,FALSE,FALSE
1,1,0,1,360,1,1,6816,4.477336814,8.827028069,FALSE,TRUE,FALSE,FALSE,TRUE,FALSE,TRUE,FALSE
1,0,0,0,360,0,0,14999,5.488937726,9.615738811,TRUE,FALSE,FALSE,FALSE,TRUE,FALSE,FALSE,FALSE
1,1,1,0,360,1,0,5630,4.859812404,8.635864721,FALSE,FALSE,FALSE,FALSE,FALSE,FALSE,TRUE,FALSE
1,1,0,0,360,1,0,7125,5.220355825,8.871365005,FALSE,FALSE,FALSE,FALSE,TRUE,FALSE,TRUE,FALSE
1,0,0,0,360,1,1,5417,5.123963979,8.597297436,FALSE,TRUE,FALSE,FALSE,FALSE,FALSE,FALSE,FALSE
1,0,0,1,180,1,1,6950,5.164785974,8.846496939,TRUE,FALSE,FALSE,FALSE,TRUE,FALSE,FALSE,FALSE
1,1,0,0,360,1,1,4732,4.804021045,8.462103225,TRUE,FALSE,FALSE,FALSE,FALSE,FALSE,FALSE,FALSE
1,1,0,0,180,1,1,11757,5.231108617,9.372204087,FALSE,TRUE,FALSE,FALSE,TRUE,FALSE,TRUE,FALSE
0,1,0,0,360,1,1,6816,4.605170186,8.827028069,TRUE,FALSE,FALSE,FALSE,TRUE,FALSE,FALSE,FALSE
0,1,0,0,360,1,1,14866,4.248495242,9.606832005,FALSE,TRUE,FALSE,FALSE,TRUE,FALSE,TRUE,FALSE
1,1,0,0,360,1,1,2963,3.401197382,7.993957548,FALSE,TRUE,FALSE,TRUE,FALSE,TRUE,FALSE,FALSE
0,0,0,0,360,1,0,11666,5.416100402,9.364433907,FALSE,FALSE,FALSE,FALSE,TRUE,FALSE,FALSE,FALSE
1,1,0,0,360,1,1,5690,4.828313737,8.646465527,TRUE,FALSE,FALSE,FALSE,FALSE,FALSE,FALSE,FALSE
1,0,0,0,360,0,0,6277,4.770684624,8.744647438,FALSE,FALSE,FALSE,FALSE,TRUE,FALSE,FALSE,FALSE
1,1,0,1,360,1,1,6327,5.023880521,8.752581469,FALSE,FALSE,FALSE,FALSE,TRUE,FALSE,FALSE,FALSE
1,0,0,0,360,1,0,9166,5.497168225,9.123256265,FALSE,TRUE,FALSE,FALSE,TRUE,FALSE,FALSE,FALSE
1,1,1,0,360,1,0,2281,4.727387819,7.732369222,FALSE,FALSE,TRUE,FALSE,FALSE,FALSE,TRUE,FALSE
1,0,0,0,360,1,1,3254,3.912023005,8.087640288,FALSE,TRUE,FALSE,TRUE,FALSE,FALSE,FALSE,FALSE
1,1,0,0,180,0,1,39999,6.396929655,10.59660973,TRUE,FALSE,FALSE,FALSE,TRUE,FALSE,FALSE,TRUE
1,1,0,0,360,1,1,6000,5.075173815,8.699514748,FALSE,FALSE,FALSE,FALSE,TRUE,TRUE,FALSE,FALSE
1,1,0,0,360,1,1,9538,5.231108617,9.163039099,FALSE,TRUE,FALSE,FALSE,TRUE,TRUE,FALSE,FALSE
1,0,0,0,360,1,1,5063,4.787491743,8.529714472,FALSE,FALSE,FALSE,FALSE,FALSE,FALSE,FALSE,FALSE
1,1,0,0,360,1,1,10208,5.541263545,9.230927006,TRUE,FALSE,FALSE,FALSE,TRUE,FALSE,FALSE,FALSE
1,1,1,0,360,1,1,2904,4.584967479,7.973844376,TRUE,FALSE,FALSE,TRUE,FALSE,FALSE,FALSE,FALSE
1,1,0,0,360,1,0,7933,5.616771098,8.978786553,FALSE,TRUE,FALSE,FALSE,TRUE,FALSE,FALSE,FALSE
1,1,0,0,360,0,0,4369,4.795790546,8.382289429,TRUE,FALSE,FALSE,FALSE,FALSE,TRUE,FALSE,FALSE
1,1,0,0,360,1,1,5614,5.062595033,8.633018757,FALSE,FALSE,FALSE,FALSE,FALSE,FALSE,TRUE,FALSE
1,1,0,0,180,1,1,9323,4.317488114,9.140239744,FALSE,TRUE,FALSE,FALSE,TRUE,FALSE,FALSE,FALSE
1,1,0,0,342,1,1,6873,5.204006687,8.835355971,FALSE,FALSE,FALSE,FALSE,TRUE,FALSE,FALSE,FALSE
0,1,0,0,360,1,0,4583,4.718498871,8.430109085,FALSE,FALSE,FALSE,FALSE,FALSE,FALSE,FALSE,FALSE
1,1,0,0,360,1,1,5772,4.859812404,8.66077392,FALSE,FALSE,FALSE,FALSE,FALSE,FALSE,FALSE,FALSE
1,0,0,0,480,0,0,2237,4.143134726,7.712890961,TRUE,FALSE,TRUE,FALSE,FALSE,FALSE,FALSE,FALSE
1,1,0,0,360,1,1,8000,5.298317367,8.987196821,TRUE,FALSE,FALSE,FALSE,TRUE,FALSE,TRUE,FALSE
1,1,1,0,360,1,1,3589,4.553876892,8.185628891,FALSE,FALSE,FALSE,TRUE,FALSE,FALSE,FALSE,FALSE
1,1,0,0,300,1,1,51763,6.551080335,10.85443089,FALSE,TRUE,FALSE,FALSE,TRUE,FALSE,FALSE,TRUE
1,1,1,0,180,1,0,3522,4.394449155,8.166784289,FALSE,FALSE,FALSE,TRUE,FALSE,FALSE,FALSE,TRUE
1,1,0,0,360,1,1,11333,5.231108617,9.335474103,TRUE,FALSE,FALSE,FALSE,TRUE,FALSE,FALSE,FALSE
1,1,1,1,360,1,0,5080,4.465908119,8.533066541,TRUE,FALSE,FALSE,FALSE,FALSE,FALSE,FALSE,FALSE
1,1,0,0,360,1,1,5461,4.753590191,8.605387202,FALSE,FALSE,FALSE,FALSE,FALSE,FALSE,FALSE,FALSE
1,1,0,0,360,1,1,3664,4.615120517,8.206310726,FALSE,FALSE,FALSE,TRUE,FALSE,FALSE,TRUE,FALSE
1,1,0,0,360,0,0,16816,6.204557763,9.730086093,TRUE,FALSE,FALSE,FALSE,TRUE,FALSE,FALSE,TRUE
1,1,0,0,360,1,1,3750,4.753590191,8.229511119,TRUE,FALSE,FALSE,TRUE,FALSE,TRUE,FALSE,FALSE
1,0,1,0,480,0,0,3784,4.624972813,8.23853693,FALSE,TRUE,FALSE,TRUE,FALSE,FALSE,FALSE,FALSE
1,1,0,0,360,0,0,13650,5.192956851,9.521494801,FALSE,TRUE,FALSE,FALSE,TRUE,TRUE,FALSE,FALSE
1,0,0,0,360,1,0,6979,4.204692619,8.850660919,FALSE,FALSE,FALSE,FALSE,TRUE,FALSE,FALSE,FALSE
1,1,0,0,180,1,1,4600,4.290459441,8.433811582,TRUE,FALSE,FALSE,FALSE,FALSE,FALSE,FALSE,FALSE
1,1,0,0,360,1,0,33846,5.560681631,10.4295761,TRUE,FALSE,FALSE,FALSE,TRUE,TRUE,FALSE,FALSE
0,1,0,0,360,1,1,3625,4.682131227,8.195609567,TRUE,FALSE,FALSE,TRUE,FALSE,FALSE,FALSE,FALSE
1,1,0,1,360,1,1,43897,4.787491743,10.68960126,TRUE,FALSE,FALSE,FALSE,TRUE,FALSE,FALSE,FALSE
1,1,0,1,300,0,0,2178,4.189654742,7.686162303,FALSE,FALSE,TRUE,FALSE,FALSE,TRUE,FALSE,FALSE
1,1,0,0,360,1,1,4521,4.060443011,8.416488487,FALSE,FALSE,FALSE,FALSE,FALSE,FALSE,FALSE,FALSE
1,1,0,1,360,1,1,5970,5.123963979,8.694502206,FALSE,FALSE,FALSE,FALSE,FALSE,FALSE,FALSE,FALSE
1,1,0,0,180,1,1,9328,5.236441963,9.140775909,FALSE,FALSE,FALSE,FALSE,TRUE,FALSE,FALSE,FALSE
1,0,1,0,360,1,1,4885,3.871201011,8.493924564,FALSE,FALSE,FALSE,FALSE,FALSE,FALSE,FALSE,FALSE
1,0,0,0,360,1,0,12000,5.099866428,9.392661929,TRUE,FALSE,FALSE,FALSE,TRUE,FALSE,FALSE,FALSE
1,1,1,0,360,1,0,6033,5.075173815,8.704999678,FALSE,TRUE,FALSE,FALSE,TRUE,FALSE,FALSE,FALSE
1,0,0,0,360,1,1,3858,4.33073334,8.257904193,TRUE,FALSE,FALSE,TRUE,FALSE,FALSE,FALSE,FALSE
1,0,0,0,360,1,1,4191,4.787491743,8.340694648,FALSE,FALSE,FALSE,FALSE,FALSE,FALSE,FALSE,FALSE
1,1,0,0,360,1,0,5708,5.135798437,8.649623979,TRUE,FALSE,FALSE,FALSE,FALSE,TRUE,FALSE,FALSE
1,0,0,0,360,1,1,12083,5.231108617,9.399554785,FALSE,FALSE,FALSE,FALSE,TRUE,FALSE,FALSE,FALSE
0,0,1,0,342,1,1,4272,4.787491743,8.359837381,FALSE,TRUE,FALSE,FALSE,FALSE,FALSE,FALSE,FALSE
0,1,0,0,360,1,1,6232,4.727387819,8.737452588,TRUE,FALSE,FALSE,FALSE,TRUE,FALSE,FALSE,FALSE
1,0,0,1,360,1,0,11000,4.418840608,9.305650552,FALSE,TRUE,FALSE,FALSE,TRUE,FALSE,FALSE,FALSE
1,1,1,0,360,1,1,5100,4.49980967,8.536995819,TRUE,FALSE,FALSE,FALSE,FALSE,TRUE,FALSE,FALSE
1,0,0,0,360,0,1,4923,5.111987788,8.50167338,TRUE,FALSE,FALSE,FALSE,FALSE,FALSE,TRUE,FALSE
1,1,1,0,180,1,0,3992,4.986425673,8.292047637,FALSE,TRUE,FALSE,TRUE,FALSE,FALSE,FALSE,TRUE
1,1,1,0,360,1,1,4583,4.905274778,8.430109085,FALSE,TRUE,FALSE,FALSE,FALSE,TRUE,FALSE,FALSE
1,1,1,0,360,1,1,3917,4.820281566,8.273081334,TRUE,FALSE,FALSE,TRUE,FALSE,FALSE,TRUE,FALSE
0,0,1,0,360,1,1,4408,4.787491743,8.391176351,TRUE,FALSE,FALSE,FALSE,FALSE,FALSE,FALSE,FALSE
0,0,0,0,360,1,1,3244,4.382026635,8.084562415,FALSE,TRUE,FALSE,TRUE,FALSE,FALSE,FALSE,FALSE
1,0,1,0,360,1,1,6506,4.007333185,8.780480107,FALSE,FALSE,FALSE,FALSE,TRUE,FALSE,FALSE,FALSE
1,0,0,0,360,1,1,2479,4.077537444,7.815610532,FALSE,TRUE,TRUE,FALSE,FALSE,FALSE,FALSE,FALSE
1,0,0,0,360,1,0,3418,4.844187086,8.136810864,TRUE,FALSE,FALSE,TRUE,FALSE,FALSE,FALSE,FALSE
0,0,0,0,360,1,0,10000,5.365976015,9.210340372,TRUE,FALSE,FALSE,FALSE,TRUE,FALSE,FALSE,FALSE
1,1,0,0,360,0,0,4680,4.852030264,8.451053389,TRUE,FALSE,FALSE,FALSE,FALSE,FALSE,FALSE,TRUE
1,1,0,1,360,1,1,7787,5.480638923,8.960210956,FALSE,TRUE,FALSE,FALSE,TRUE,TRUE,FALSE,FALSE
1,1,1,1,360,1,1,5703,4.86753445,8.648747631,FALSE,FALSE,FALSE,FALSE,FALSE,FALSE,FALSE,TRUE
1,1,0,0,360,1,1,6194,4.919980926,8.731336361,FALSE,TRUE,FALSE,FALSE,TRUE,FALSE,FALSE,FALSE
1,1,1,0,360,1,1,4833,4.605170186,8.483222672,TRUE,FALSE,FALSE,FALSE,FALSE,FALSE,FALSE,TRUE
1,1,0,0,360,1,0,1950,4.905274778,7.575584652,FALSE,FALSE,TRUE,FALSE,FALSE,FALSE,FALSE,FALSE
1,1,0,0,360,1,1,5502,4.875197323,8.612866941,TRUE,FALSE,FALSE,FALSE,FALSE,FALSE,FALSE,FALSE
1,1,0,0,360,0,0,5000,4.276666119,8.517193191,TRUE,FALSE,FALSE,FALSE,FALSE,FALSE,TRUE,FALSE
0,1,0,0,360,1,1,6666,4.844187086,8.804775259,TRUE,FALSE,FALSE,FALSE,TRUE,FALSE,TRUE,FALSE
1,1,0,0,360,0,0,2221,4.094344562,7.705712824,FALSE,TRUE,TRUE,FALSE,FALSE,FALSE,FALSE,FALSE
1,1,0,0,360,1,1,5726,4.753590191,8.652772486,TRUE,FALSE,FALSE,FALSE,FALSE,FALSE,TRUE,FALSE
1,0,0,0,360,1,1,5762,4.9698133,8.659039916,TRUE,FALSE,FALSE,FALSE,FALSE,FALSE,FALSE,FALSE
1,1,0,0,342,1,1,8588,5.164785974,9.058121159,TRUE,FALSE,FALSE,FALSE,TRUE,FALSE,FALSE,FALSE
1,1,0,0,360,1,1,6250,4.852030264,8.740336743,TRUE,FALSE,FALSE,FALSE,TRUE,FALSE,FALSE,FALSE
1,1,0,0,360,1,0,3250,5.135798437,8.086410275,FALSE,FALSE,FALSE,TRUE,FALSE,FALSE,FALSE,FALSE
1,1,1,1,360,1,0,4735,4.927253685,8.462737006,FALSE,TRUE,FALSE,FALSE,FALSE,FALSE,FALSE,FALSE
1,1,0,0,360,1,1,7945,5.347107531,8.980298079,TRUE,FALSE,FALSE,FALSE,TRUE,FALSE,TRUE,FALSE
1,1,0,0,480,1,1,4758,5.062595033,8.467582691,TRUE,FALSE,FALSE,FALSE,FALSE,FALSE,FALSE,FALSE
1,0,0,1,360,1,1,6400,5.298317367,8.764053269,FALSE,FALSE,FALSE,FALSE,TRUE,FALSE,FALSE,FALSE
1,1,0,0,360,1,1,4545,4.644390899,8.421783007,TRUE,FALSE,FALSE,FALSE,FALSE,TRUE,FALSE,FALSE
1,1,0,0,180,1,1,3716,3.737669618,8.2204031,FALSE,FALSE,FALSE,TRUE,FALSE,FALSE,FALSE,FALSE
1,0,1,0,342,1,1,5787,4.787491743,8.663369302,FALSE,FALSE,FALSE,FALSE,FALSE,FALSE,FALSE,FALSE
0,0,0,0,360,1,1,8333,5.634789603,9.027978814,TRUE,FALSE,FALSE,FALSE,TRUE,FALSE,FALSE,FALSE
1,1,0,0,360,1,1,4934,4.941642423,8.503905297,TRUE,FALSE,FALSE,FALSE,FALSE,TRUE,FALSE,FALSE
1,1,0,0,360,1,1,6760,5.135798437,8.818778169,FALSE,FALSE,FALSE,FALSE,TRUE,TRUE,FALSE,FALSE
1,1,0,0,360,1,0,5746,5.541263545,8.65625924,FALSE,TRUE,FALSE,FALSE,FALSE,FALSE,FALSE,FALSE
0,0,0,1,360,1,1,3463,4.804021045,8.149890544,FALSE,TRUE,FALSE,TRUE,FALSE,FALSE,FALSE,FALSE
0,0,0,0,360,1,1,3812,4.718498871,8.245909265,FALSE,FALSE,FALSE,TRUE,FALSE,TRUE,FALSE,FALSE
1,1,0,0,360,1,1,3315,4.564348191,8.106212903,TRUE,FALSE,FALSE,TRUE,FALSE,TRUE,FALSE,FALSE
1,1,0,0,360,1,1,10819,4.787491743,9.289059127,FALSE,FALSE,FALSE,FALSE,TRUE,FALSE,TRUE,FALSE
1,1,1,0,180,1,0,4493,4.941642423,8.410275909,FALSE,TRUE,FALSE,FALSE,FALSE,TRUE,FALSE,FALSE
1,0,0,0,60,1,1,8666,5.043425117,9.067162602,FALSE,TRUE,FALSE,FALSE,TRUE,FALSE,FALSE,FALSE
1,1,0,1,360,1,1,7550,4.682131227,8.929302842,FALSE,FALSE,FALSE,FALSE,TRUE,FALSE,TRUE,FALSE
1,1,1,0,360,1,1,7823,4.812184355,8.964823392,TRUE,FALSE,FALSE,FALSE,TRUE,FALSE,FALSE,FALSE
1,0,0,1,180,1,0,10383,4.787491743,9.247925132,FALSE,TRUE,FALSE,FALSE,TRUE,FALSE,FALSE,FALSE
1,1,0,0,360,1,1,9703,4.718498871,9.180190395,FALSE,TRUE,FALSE,FALSE,TRUE,FALSE,TRUE,FALSE
1,1,1,0,180,1,1,6608,4.919980926,8.796036315,FALSE,TRUE,FALSE,FALSE,TRUE,TRUE,FALSE,FALSE
1,1,0,0,480,1,1,4725,4.812184355,8.46062284,TRUE,FALSE,FALSE,FALSE,FALSE,TRUE,FALSE,FALSE
1,1,0,0,360,1,1,3677,4.49980967,8.209852481,FALSE,TRUE,FALSE,TRUE,FALSE,FALSE,FALSE,FALSE
1,1,1,0,360,0,0,5558,5.303304908,8.62299361,TRUE,FALSE,FALSE,FALSE,FALSE,FALSE,FALSE,FALSE
0,0,0,0,360,1,0,3427,4.927253685,8.139440522,FALSE,TRUE,FALSE,TRUE,FALSE,FALSE,TRUE,FALSE
1,0,1,1,360,1,1,4750,4.644390899,8.465899897,FALSE,FALSE,FALSE,FALSE,FALSE,FALSE,FALSE,FALSE
1,1,1,0,180,1,1,9762,5.631211782,9.186252576,TRUE,FALSE,FALSE,FALSE,TRUE,TRUE,FALSE,FALSE
1,0,0,1,360,0,0,16250,5.257495372,9.695848188,FALSE,TRUE,FALSE,FALSE,TRUE,FALSE,FALSE,FALSE
0,0,0,0,360,1,1,3083,5.541263545,8.033658428,FALSE,FALSE,FALSE,TRUE,FALSE,FALSE,FALSE,TRUE
1,0,1,0,360,0,0,6045,4.744932128,8.706986763,FALSE,FALSE,FALSE,FALSE,TRUE,FALSE,FALSE,FALSE
1,1,0,0,360,1,0,5250,4.543294782,8.565983356,FALSE,TRUE,FALSE,FALSE,FALSE,FALSE,FALSE,TRUE
1,1,0,0,360,1,0,16783,5.717027701,9.728121748,FALSE,FALSE,FALSE,FALSE,TRUE,FALSE,FALSE,FALSE
1,1,1,0,360,1,0,4931,4.852030264,8.503297086,TRUE,FALSE,FALSE,FALSE,FALSE,FALSE,FALSE,TRUE
1,1,0,0,360,1,1,10333,5.799092654,9.243097936,FALSE,TRUE,FALSE,FALSE,TRUE,TRUE,FALSE,FALSE
1,0,0,0,360,1,1,4269,4.8978398,8.359134887,TRUE,FALSE,FALSE,FALSE,FALSE,FALSE,FALSE,FALSE
0,0,0,0,36,1,0,3481,5.043425117,8.155074888,TRUE,FALSE,FALSE,TRUE,FALSE,TRUE,FALSE,FALSE
0,0,0,0,360,1,1,7200,4.787491743,8.881836305,FALSE,FALSE,FALSE,FALSE,TRUE,FALSE,FALSE,FALSE
1,0,0,1,360,1,1,5166,4.852030264,8.549853974,TRUE,FALSE,FALSE,FALSE,FALSE,FALSE,FALSE,FALSE
1,0,0,0,360,1,1,7542,5.017279837,8.928242678,FALSE,FALSE,FALSE,FALSE,TRUE,FALSE,FALSE,FALSE
1,1,0,0,360,1,1,6095,5.010635294,8.715224042,TRUE,FALSE,FALSE,FALSE,TRUE,FALSE,TRUE,FALSE
1,1,0,0,360,0,1,6144,5.075173815,8.723231275,FALSE,TRUE,FALSE,FALSE,TRUE,FALSE,FALSE,TRUE
0,0,0,0,360,1,0,3418,4.905274778,8.136810864,FALSE,FALSE,FALSE,TRUE,FALSE,FALSE,FALSE,FALSE
0,0,0,0,360,1,1,4436,4.49980967,8.397508348,FALSE,TRUE,FALSE,FALSE,FALSE,TRUE,FALSE,FALSE
0,0,0,0,360,1,1,3237,3.401197382,8.082402254,FALSE,TRUE,FALSE,TRUE,FALSE,FALSE,FALSE,FALSE
1,1,0,0,360,1,1,11146,4.912654886,9.318835968,FALSE,TRUE,FALSE,FALSE,TRUE,FALSE,FALSE,FALSE
1,0,0,0,360,1,1,4690,4.836281907,8.453187861,FALSE,FALSE,FALSE,FALSE,FALSE,FALSE,FALSE,FALSE
1,1,0,0,360,1,1,4843,5.010635294,8.485289642,TRUE,FALSE,FALSE,FALSE,FALSE,FALSE,FALSE,FALSE
1,1,0,0,360,1,1,3900,4.49980967,8.268731832,TRUE,FALSE,FALSE,TRUE,FALSE,FALSE,TRUE,FALSE
1,1,0,0,360,1,1,4592,4.744932128,8.432070938,TRUE,FALSE,FALSE,FALSE,FALSE,TRUE,FALSE,FALSE
1,1,0,0,360,1,1,7267,5.332718793,8.891098831,TRUE,FALSE,FALSE,FALSE,TRUE,FALSE,FALSE,FALSE
1,1,0,0,360,1,1,4403,4.382026635,8.390041406,FALSE,TRUE,FALSE,FALSE,FALSE,FALSE,FALSE,FALSE
1,1,0,0,360,1,1,14583,6.077642243,9.587611746,TRUE,FALSE,FALSE,FALSE,TRUE,FALSE,FALSE,FALSE
0,1,1,0,360,1,1,4100,4.820281566,8.318742253,FALSE,FALSE,FALSE,FALSE,FALSE,FALSE,FALSE,FALSE
1,0,1,1,360,0,0,6479,5.062595033,8.776321456,FALSE,TRUE,FALSE,FALSE,TRUE,TRUE,FALSE,FALSE
1,1,0,0,360,1,1,4727,4.718498871,8.461046031,TRUE,FALSE,FALSE,FALSE,FALSE,FALSE,FALSE,FALSE
1,1,0,0,180,1,1,3286.799988,4.356708827,8.097669722,FALSE,TRUE,FALSE,TRUE,FALSE,FALSE,TRUE,FALSE
0,0,0,0,360,1,1,3477,3.988984047,8.153925132,FALSE,TRUE,FALSE,TRUE,FALSE,FALSE,FALSE,FALSE
1,1,0,0,360,1,0,20667,4.986425673,9.936293504,FALSE,FALSE,FALSE,FALSE,TRUE,FALSE,FALSE,FALSE
1,0,0,0,360,1,1,6211,4.48863637,8.734077193,FALSE,FALSE,FALSE,FALSE,TRUE,FALSE,FALSE,FALSE
0,0,0,1,300,1,0,4317,4.59511985,8.370315996,TRUE,FALSE,FALSE,FALSE,FALSE,FALSE,FALSE,FALSE
1,1,0,0,360,1,1,5704,4.787491743,8.648922962,FALSE,FALSE,FALSE,FALSE,FALSE,FALSE,FALSE,FALSE
0,0,0,0,360,1,1,4124,4.744932128,8.324578845,TRUE,FALSE,FALSE,FALSE,FALSE,FALSE,FALSE,FALSE
1,0,0,0,360,1,1,9508,5.231108617,9.159888828,FALSE,FALSE,FALSE,FALSE,TRUE,FALSE,FALSE,FALSE
1,1,0,0,360,1,1,5491,4.934473933,8.610865667,FALSE,FALSE,FALSE,FALSE,FALSE,FALSE,FALSE,FALSE
1,1,0,0,360,0,0,4400,4.844187086,8.38935982,TRUE,FALSE,FALSE,FALSE,FALSE,FALSE,TRUE,FALSE
1,1,0,0,360,1,1,4713,4.8978398,8.458079927,FALSE,TRUE,FALSE,FALSE,FALSE,FALSE,TRUE,FALSE
0,0,0,0,480,0,0,5417,4.96284463,8.597297436,FALSE,TRUE,FALSE,FALSE,FALSE,FALSE,FALSE,FALSE
1,1,0,0,360,1,1,5717,5.147494477,8.651199471,TRUE,FALSE,FALSE,FALSE,FALSE,FALSE,FALSE,FALSE
1,1,0,0,360,1,1,5666,4.700480366,8.64223868,FALSE,TRUE,FALSE,FALSE,FALSE,FALSE,FALSE,TRUE
1,1,0,0,360,1,1,6875,5.298317367,8.835646923,TRUE,FALSE,FALSE,FALSE,TRUE,TRUE,FALSE,FALSE
0,1,0,0,360,1,1,4666,4.905274778,8.448057453,FALSE,TRUE,FALSE,FALSE,FALSE,TRUE,FALSE,FALSE
0,0,0,0,480,1,0,7541,5.017279837,8.928110078,FALSE,FALSE,FALSE,FALSE,TRUE,FALSE,FALSE,FALSE
1,1,0,0,360,1,0,4939,4.727387819,8.504918161,FALSE,TRUE,FALSE,FALSE,FALSE,TRUE,FALSE,FALSE
1,1,1,0,360,0,0,4734,4.532599493,8.46252579,FALSE,TRUE,FALSE,FALSE,FALSE,FALSE,FALSE,FALSE
1,1,1,0,360,1,1,4625,4.65396035,8.43923165,TRUE,FALSE,FALSE,FALSE,FALSE,FALSE,FALSE,FALSE
0,0,0,0,360,1,1,5000,4.882801923,8.517193191,FALSE,FALSE,FALSE,FALSE,FALSE,FALSE,FALSE,FALSE
1,1,0,0,360,1,1,3428,4.564348191,8.13973228,FALSE,TRUE,FALSE,TRUE,FALSE,TRUE,FALSE,FALSE
1,0,0,0,360,1,1,6500,4.941642423,8.779557456,FALSE,FALSE,FALSE,FALSE,TRUE,FALSE,FALSE,FALSE
1,0,1,0,360,1,0,2000,4.986425673,7.60090246,FALSE,TRUE,TRUE,FALSE,FALSE,FALSE,FALSE,FALSE
0,0,0,0,360,1,1,5428,4.905274778,8.599326021,FALSE,FALSE,FALSE,FALSE,FALSE,FALSE,FALSE,FALSE
0,0,0,0,360,0,0,4263,4.644390899,8.357728417,FALSE,TRUE,FALSE,FALSE,FALSE,FALSE,FALSE,FALSE
1,0,0,0,360,1,0,20233,6.173786104,9.915070214,FALSE,FALSE,FALSE,FALSE,TRUE,FALSE,FALSE,FALSE
1,1,1,0,360,1,1,7667,5.220355825,8.944680684,FALSE,FALSE,FALSE,FALSE,TRUE,FALSE,TRUE,FALSE
0,0,0,0,360,1,1,2917,4.430816799,7.97831097,TRUE,FALSE,FALSE,TRUE,FALSE,FALSE,FALSE,FALSE
1,0,1,0,360,1,1,5332,4.709530201,8.581481681,TRUE,FALSE,FALSE,FALSE,FALSE,FALSE,FALSE,FALSE
0,0,0,0,360,1,1,2507,4.025351691,7.826842098,FALSE,FALSE,FALSE,TRUE,FALSE,FALSE,FALSE,FALSE
1,1,0,1,84,1,1,5746,4.9698133,8.65625924,FALSE,FALSE,FALSE,FALSE,FALSE,FALSE,TRUE,FALSE
1,1,0,0,360,1,0,4316,5.068904202,8.370084326,FALSE,FALSE,FALSE,FALSE,FALSE,FALSE,FALSE,FALSE
1,1,1,0,180,1,1,5039,4.709530201,8.524962929,FALSE,TRUE,FALSE,FALSE,FALSE,TRUE,FALSE,FALSE
1,1,0,0,360,1,1,3717,4.787491743,8.22067217,TRUE,FALSE,FALSE,TRUE,FALSE,FALSE,TRUE,FALSE
1,1,0,0,360,1,1,4192,4.477336814,8.340933226,FALSE,TRUE,FALSE,FALSE,FALSE,FALSE,FALSE,FALSE
0,0,0,0,360,1,1,3541,4.718498871,8.172164452,TRUE,FALSE,FALSE,TRUE,FALSE,TRUE,FALSE,FALSE
1,1,0,1,360,1,0,10000,5.043425117,9.210340372,FALSE,FALSE,FALSE,FALSE,TRUE,TRUE,FALSE,FALSE
1,1,0,0,360,1,1,4567,4.744932128,8.426611813,TRUE,FALSE,FALSE,FALSE,FALSE,FALSE,FALSE,FALSE
1,1,0,0,360,1,1,4531,4.820281566,8.418697945,TRUE,FALSE,FALSE,FALSE,FALSE,FALSE,FALSE,TRUE
1,1,1,0,360,1,1,5191,4.986425673,8.554681636,FALSE,FALSE,FALSE,FALSE,FALSE,FALSE,TRUE,FALSE
0,0,0,0,360,1,1,6151,4.882801923,8.724369949,FALSE,FALSE,FALSE,FALSE,TRUE,FALSE,FALSE,FALSE
1,1,0,0,360,1,1,15000,5.703782475,9.61580548,FALSE,FALSE,FALSE,FALSE,TRUE,FALSE,FALSE,TRUE
1,1,0,1,360,0,0,13649,5.929589143,9.521421538,FALSE,FALSE,FALSE,FALSE,TRUE,TRUE,FALSE,FALSE
1,0,0,0,360,0,1,4917,4.86753445,8.500453867,FALSE,FALSE,FALSE,FALSE,FALSE,FALSE,FALSE,FALSE
1,1,0,1,360,1,1,7978,5.214935758,8.984443032,TRUE,FALSE,FALSE,FALSE,TRUE,FALSE,FALSE,FALSE
0,1,0,0,360,1,0,6784,4.700480366,8.822322177,FALSE,TRUE,FALSE,FALSE,TRUE,FALSE,FALSE,FALSE
0,0,0,0,360,1,1,2500,4.204692619,7.824046011,FALSE,TRUE,FALSE,TRUE,FALSE,FALSE,FALSE,FALSE
1,0,0,0,360,1,1,6177,4.762173935,8.728587996,FALSE,TRUE,FALSE,FALSE,TRUE,TRUE,FALSE,FALSE
1,0,0,0,360,1,1,2935,4.584967479,7.984462732,TRUE,FALSE,FALSE,TRUE,FALSE,FALSE,FALSE,FALSE
1,0,0,0,360,1,1,2833,4.262679877,7.9490915,FALSE,TRUE,FALSE,TRUE,FALSE,FALSE,FALSE,FALSE
1,1,0,0,180,1,1,63337,6.194405391,11.05622496,FALSE,TRUE,FALSE,FALSE,TRUE,FALSE,FALSE,FALSE
1,1,0,1,180,1,1,11666,5.204006687,9.364433907,FALSE,TRUE,FALSE,FALSE,TRUE,TRUE,FALSE,FALSE
1,1,0,1,342,1,1,9993,4.248495242,9.209640127,TRUE,FALSE,FALSE,FALSE,TRUE,FALSE,FALSE,FALSE
1,1,0,0,360,1,1,5938,5.075173815,8.689127655,FALSE,FALSE,FALSE,FALSE,FALSE,TRUE,FALSE,FALSE
1,1,0,1,360,1,1,7100,5.170483995,8.867850063,FALSE,FALSE,FALSE,FALSE,TRUE,FALSE,TRUE,FALSE
0,0,1,0,360,0,0,1830,4.986425673,7.512071246,FALSE,TRUE,TRUE,FALSE,FALSE,FALSE,FALSE,TRUE
0,0,0,0,360,1,1,4160,4.262679877,8.333270353,TRUE,FALSE,FALSE,FALSE,FALSE,FALSE,FALSE,FALSE
1,1,1,0,360,1,0,4234,5.153291594,8.350902452,FALSE,FALSE,FALSE,FALSE,FALSE,FALSE,FALSE,TRUE
0,0,0,0,360,1,0,2378,3.828641396,7.774015077,FALSE,FALSE,TRUE,FALSE,FALSE,FALSE,FALSE,FALSE
1,1,1,0,360,1,1,5783,5.062595033,8.662677858,FALSE,TRUE,FALSE,FALSE,FALSE,TRUE,FALSE,FALSE
1,1,1,0,360,1,1,3173,4.304065093,8.062432792,TRUE,FALSE,FALSE,TRUE,FALSE,FALSE,FALSE,TRUE
1,1,0,0,360,1,1,4913,4.828313737,8.499640032,FALSE,FALSE,FALSE,FALSE,FALSE,FALSE,TRUE,FALSE
1,1,0,0,360,1,1,4957,5.075173815,8.508555998,TRUE,FALSE,FALSE,FALSE,FALSE,FALSE,FALSE,FALSE
1,1,1,0,360,0,0,6753,5.023880521,8.81774213,FALSE,FALSE,FALSE,FALSE,TRUE,FALSE,FALSE,FALSE
1,1,1,0,360,1,1,5251,4.836281907,8.566173814,FALSE,TRUE,FALSE,FALSE,FALSE,FALSE,TRUE,FALSE
1,1,0,0,360,1,1,10916,5.556828062,9.297984882,TRUE,FALSE,FALSE,FALSE,TRUE,FALSE,FALSE,FALSE
1,1,0,0,360,1,1,8875,5.231108617,9.090993614,FALSE,FALSE,FALSE,FALSE,TRUE,FALSE,FALSE,FALSE
1,1,0,0,360,1,1,9083,5.429345629,9.114159814,TRUE,FALSE,FALSE,FALSE,TRUE,FALSE,FALSE,FALSE
1,0,0,0,360,1,0,12917,5.730099783,9.466299552,FALSE,FALSE,FALSE,FALSE,TRUE,FALSE,FALSE,FALSE
1,1,0,0,360,1,1,4749,4.553876892,8.465689349,FALSE,FALSE,FALSE,FALSE,FALSE,FALSE,FALSE,TRUE
0,1,0,1,360,0,0,5500,4.65396035,8.612503371,FALSE,FALSE,FALSE,FALSE,FALSE,FALSE,FALSE,FALSE
0,1,0,0,360,1,1,2928,4.86753445,7.982074875,TRUE,FALSE,FALSE,TRUE,FALSE,FALSE,FALSE,FALSE
0,0,0,0,180,1,1,3813,4.753590191,8.24617156,FALSE,TRUE,FALSE,TRUE,FALSE,FALSE,FALSE,FALSE
1,1,0,0,360,1,1,11500,5.105945474,9.350102314,FALSE,FALSE,FALSE,FALSE,TRUE,FALSE,TRUE,FALSE
1,1,0,0,360,1,0,3875,4.204692619,8.262300942,FALSE,TRUE,FALSE,TRUE,FALSE,TRUE,FALSE,FALSE
1,1,1,0,480,0,0,4666,4.605170186,8.448057453,FALSE,TRUE,FALSE,FALSE,FALSE,FALSE,FALSE,FALSE
1,1,0,0,360,1,1,8334,5.298317367,9.028098812,TRUE,FALSE,FALSE,FALSE,TRUE,FALSE,FALSE,TRUE
0,0,0,0,360,1,0,4723,4.394449155,8.46019947,TRUE,FALSE,FALSE,FALSE,FALSE,TRUE,FALSE,FALSE
1,1,0,0,360,1,1,8667,5.463831805,9.067277989,TRUE,FALSE,FALSE,FALSE,TRUE,FALSE,TRUE,FALSE
1,1,0,0,360,1,1,7083,4.86753445,8.865452826,FALSE,TRUE,FALSE,FALSE,TRUE,FALSE,FALSE,FALSE
1,1,0,0,300,1,1,6046,4.553876892,8.707152175,FALSE,TRUE,FALSE,FALSE,TRUE,FALSE,FALSE,FALSE
1,0,0,1,360,1,1,6822,4.94875989,8.827907963,FALSE,FALSE,FALSE,FALSE,TRUE,FALSE,FALSE,FALSE
1,0,1,0,360,1,0,6216,4.890349128,8.734881892,FALSE,FALSE,FALSE,FALSE,TRUE,FALSE,FALSE,FALSE
1,0,0,0,480,1,0,2500,4.564348191,7.824046011,TRUE,FALSE,FALSE,TRUE,FALSE,FALSE,FALSE,FALSE
1,0,0,0,342,0,0,5124,4.820281566,8.541690663,FALSE,FALSE,FALSE,FALSE,FALSE,FALSE,FALSE,FALSE
1,1,0,0,360,1,1,6325,5.164785974,8.752265314,TRUE,FALSE,FALSE,FALSE,TRUE,TRUE,FALSE,FALSE
1,1,0,0,360,1,0,24996,6.345636361,10.12647109,FALSE,FALSE,FALSE,FALSE,TRUE,FALSE,FALSE,FALSE
0,0,0,1,360,1,1,15759,4.007333185,9.66516691,TRUE,FALSE,FALSE,FALSE,TRUE,FALSE,FALSE,FALSE
1,1,0,0,360,1,1,5185,5.043425117,8.553525121,TRUE,FALSE,FALSE,FALSE,FALSE,FALSE,TRUE,FALSE
1,1,0,1,300,1,1,17196,5.940171253,9.752432078,FALSE,FALSE,FALSE,FALSE,TRUE,FALSE,TRUE,FALSE
1,0,0,0,180,0,0,5049,4.709530201,8.526945483,FALSE,TRUE,FALSE,FALSE,FALSE,TRUE,FALSE,FALSE
0,0,0,0,360,1,1,4223,4.700480366,8.348301055,FALSE,TRUE,FALSE,FALSE,FALSE,FALSE,FALSE,FALSE
1,1,0,0,180,1,1,5740,4.787491743,8.655214489,FALSE,TRUE,FALSE,FALSE,FALSE,FALSE,FALSE,FALSE
1,1,0,0,360,1,1,13746,4.86753445,9.528503152,FALSE,FALSE,FALSE,FALSE,TRUE,FALSE,FALSE,TRUE
1,1,0,0,360,1,1,4310,4.86753445,8.368693183,TRUE,FALSE,FALSE,FALSE,FALSE,FALSE,FALSE,FALSE
1,0,0,0,480,1,0,3069,4.262679877,8.029107055,FALSE,TRUE,FALSE,TRUE,FALSE,FALSE,FALSE,FALSE
1,1,0,0,360,1,1,5391,4.86753445,8.592486175,FALSE,TRUE,FALSE,FALSE,FALSE,FALSE,TRUE,FALSE
1,1,0,0,360,1,1,5833,4.852030264,8.671286727,TRUE,FALSE,FALSE,FALSE,FALSE,FALSE,FALSE,FALSE
1,0,0,0,360,1,1,10173,5.690359454,9.227492431,TRUE,FALSE,FALSE,FALSE,TRUE,FALSE,FALSE,FALSE
0,0,0,0,360,1,1,6000,5.049856007,8.699514748,FALSE,TRUE,FALSE,FALSE,TRUE,FALSE,FALSE,FALSE
1,0,0,1,360,1,1,7167,4.852030264,8.877242436,FALSE,TRUE,FALSE,FALSE,TRUE,FALSE,FALSE,FALSE
1,1,0,0,360,1,0,4566,4.605170186,8.426392827,FALSE,TRUE,FALSE,FALSE,FALSE,FALSE,TRUE,FALSE
1,0,0,0,180,1,1,3667,4.727387819,8.207129168,FALSE,TRUE,FALSE,TRUE,FALSE,TRUE,FALSE,FALSE
1,0,1,0,360,1,1,3946,4.882801923,8.280457687,TRUE,FALSE,FALSE,TRUE,FALSE,FALSE,FALSE,FALSE
1,1,1,0,360,0,0,6146,4.986425673,8.723556743,FALSE,TRUE,FALSE,FALSE,TRUE,FALSE,FALSE,FALSE
1,1,0,0,360,1,1,4750,4.912654886,8.465899897,FALSE,TRUE,FALSE,FALSE,FALSE,FALSE,FALSE,FALSE
1,1,0,0,360,1,1,5488,4.828313737,8.610319169,FALSE,FALSE,FALSE,FALSE,FALSE,FALSE,FALSE,FALSE
1,0,0,0,360,1,1,9167,5.220355825,9.123365358,FALSE,FALSE,FALSE,FALSE,TRUE,FALSE,FALSE,TRUE
1,1,0,0,360,1,1,9504,5.616771098,9.159468042,FALSE,FALSE,FALSE,FALSE,TRUE,FALSE,FALSE,TRUE
1,1,0,0,360,1,1,4698,4.787491743,8.454892165,FALSE,TRUE,FALSE,FALSE,FALSE,FALSE,FALSE,FALSE
1,1,1,0,180,1,1,3618,4.727387819,8.193676666,TRUE,FALSE,FALSE,TRUE,FALSE,FALSE,TRUE,FALSE
1,1,0,0,360,1,1,4500,4.727387819,8.411832676,FALSE,TRUE,FALSE,FALSE,FALSE,FALSE,TRUE,FALSE
1,1,0,0,360,1,1,3760,4.905274778,8.232174236,TRUE,FALSE,FALSE,TRUE,FALSE,FALSE,TRUE,FALSE
0,0,0,0,360,0,0,3180,4.262679877,8.064636476,FALSE,TRUE,FALSE,TRUE,FALSE,FALSE,FALSE,FALSE
1,1,0,0,360,1,1,4492,4.553876892,8.410053316,FALSE,TRUE,FALSE,FALSE,FALSE,FALSE,FALSE,FALSE
1,0,1,0,360,1,1,5568,4.691347882,8.624791202,FALSE,FALSE,FALSE,FALSE,FALSE,FALSE,FALSE,FALSE
0,0,0,0,360,0,0,3300,4.634728988,8.101677747,TRUE,FALSE,FALSE,TRUE,FALSE,FALSE,FALSE,FALSE
1,1,1,0,180,0,0,2889,3.80666249,7.9686657,FALSE,TRUE,FALSE,TRUE,FALSE,FALSE,TRUE,FALSE
1,0,1,0,300,1,0,2755,4.17438727,7.921172722,FALSE,FALSE,FALSE,TRUE,FALSE,FALSE,FALSE,FALSE
1,0,0,0,360,1,1,22500,4.634728988,10.02127059,TRUE,FALSE,FALSE,FALSE,TRUE,FALSE,FALSE,FALSE
0,0,1,0,360,1,1,1963,3.970291914,7.582229194,TRUE,FALSE,TRUE,FALSE,FALSE,FALSE,FALSE,FALSE
0,0,0,1,360,1,0,7441,5.267858159,8.914760527,FALSE,FALSE,FALSE,FALSE,TRUE,FALSE,FALSE,FALSE
0,0,0,0,360,1,1,4547,4.744932128,8.422222954,TRUE,FALSE,FALSE,FALSE,FALSE,FALSE,FALSE,FALSE
1,1,1,0,360,1,1,4567,4.744932128,8.426611813,FALSE,TRUE,FALSE,FALSE,FALSE,FALSE,FALSE,FALSE
0,0,1,0,360,1,1,2213,4.189654742,7.70210434,FALSE,FALSE,TRUE,FALSE,FALSE,FALSE,FALSE,FALSE
1,1,0,0,300,0,0,8300,5.023880521,9.024010794,TRUE,FALSE,FALSE,FALSE,TRUE,TRUE,FALSE,FALSE
1,1,0,0,360,0,0,81000,5.886104031,11.30220443,FALSE,FALSE,FALSE,FALSE,TRUE,FALSE,FALSE,TRUE
0,0,1,1,360,1,0,3867,4.127134385,8.260234292,TRUE,FALSE,FALSE,TRUE,FALSE,TRUE,FALSE,FALSE
1,1,0,0,360,1,1,6256,5.075173815,8.741296282,FALSE,TRUE,FALSE,FALSE,TRUE,FALSE,FALSE,FALSE
1,1,1,0,360,0,0,6096,5.384495063,8.715388097,FALSE,FALSE,FALSE,FALSE,TRUE,FALSE,FALSE,FALSE
1,1,1,0,360,1,1,4286,4.700480366,8.363109176,FALSE,FALSE,FALSE,FALSE,FALSE,FALSE,FALSE,FALSE
0,1,1,0,360,0,0,5386,5.18178355,8.591558273,TRUE,FALSE,FALSE,FALSE,FALSE,FALSE,FALSE,FALSE
0,0,0,0,360,1,1,2995,4.094344562,8.004699511,FALSE,TRUE,FALSE,TRUE,FALSE,FALSE,FALSE,FALSE
0,0,0,0,360,1,0,2600,5.075173815,7.863266724,FALSE,TRUE,FALSE,TRUE,FALSE,TRUE,FALSE,FALSE
1,1,0,1,360,1,0,21600,5.476463552,9.980448594,FALSE,TRUE,FALSE,FALSE,TRUE,FALSE,TRUE,FALSE
1,1,0,0,360,1,1,3798,4.718498871,8.242229891,FALSE,FALSE,FALSE,TRUE,FALSE,FALSE,FALSE,FALSE
1,1,0,0,360,1,1,4663,4.927253685,8.447414297,TRUE,FALSE,FALSE,FALSE,FALSE,FALSE,FALSE,FALSE
1,1,0,0,360,1,1,5829,4.927253685,8.670600738,FALSE,FALSE,FALSE,FALSE,FALSE,FALSE,FALSE,FALSE
0,0,1,0,342,0,0,2720,4.382026635,7.908387159,FALSE,TRUE,FALSE,TRUE,FALSE,FALSE,FALSE,FALSE
1,1,0,0,360,1,1,3539,4.605170186,8.17159948,FALSE,TRUE,FALSE,TRUE,FALSE,FALSE,FALSE,FALSE
1,1,0,0,342,0,0,8917,4.700480366,9.095714846,FALSE,TRUE,FALSE,FALSE,TRUE,TRUE,FALSE,FALSE
1,1,0,0,360,1,1,14880,4.564348191,9.607773308,TRUE,FALSE,FALSE,FALSE,TRUE,FALSE,FALSE,FALSE
1,1,0,0,360,1,1,6966,4.795790546,8.848796451,FALSE,FALSE,FALSE,FALSE,TRUE,FALSE,FALSE,FALSE
0,0,1,0,360,1,0,4606,4.394449155,8.43511508,FALSE,FALSE,FALSE,FALSE,FALSE,TRUE,FALSE,FALSE
1,1,0,0,360,1,1,5935,4.890349128,8.688622307,TRUE,FALSE,FALSE,FALSE,FALSE,FALSE,TRUE,FALSE
1,1,0,0,360,1,1,2936.120001,4.465908119,7.984844261,FALSE,FALSE,FALSE,TRUE,FALSE,FALSE,FALSE,FALSE
1,0,1,0,180,1,1,2717,4.094344562,7.907283609,FALSE,TRUE,FALSE,TRUE,FALSE,FALSE,FALSE,FALSE
0,0,0,1,360,1,1,8624,5.010635294,9.062304293,TRUE,FALSE,FALSE,FALSE,TRUE,TRUE,FALSE,FALSE
1,0,0,0,360,0,0,6500,4.65396035,8.779557456,FALSE,FALSE,FALSE,FALSE,TRUE,FALSE,FALSE,FALSE
1,0,0,0,360,1,1,12876,6.003887067,9.463120392,TRUE,FALSE,FALSE,FALSE,TRUE,FALSE,FALSE,FALSE
1,1,0,0,360,1,1,4765,4.96284463,8.469052816,TRUE,FALSE,FALSE,FALSE,FALSE,FALSE,FALSE,FALSE
1,0,0,0,360,1,1,3750,4.605170186,8.229511119,FALSE,TRUE,FALSE,TRUE,FALSE,FALSE,FALSE,FALSE
0,1,0,0,240,1,1,10047,4.986425673,9.215029361,TRUE,FALSE,FALSE,FALSE,TRUE,FALSE,FALSE,FALSE
1,0,0,0,360,1,1,3777,3.912023005,8.236685323,TRUE,FALSE,FALSE,TRUE,FALSE,FALSE,FALSE,FALSE
1,1,0,0,360,1,1,3338,4.986425673,8.113127104,FALSE,TRUE,FALSE,TRUE,FALSE,FALSE,FALSE,FALSE
1,0,0,1,360,0,0,10416,5.231108617,9.251098364,FALSE,TRUE,FALSE,FALSE,TRUE,FALSE,FALSE,FALSE
0,1,1,1,360,1,1,7142,4.927253685,8.873748128,FALSE,FALSE,FALSE,FALSE,TRUE,FALSE,FALSE,FALSE
1,0,0,0,360,1,1,8724,5.231108617,9.073833127,TRUE,FALSE,FALSE,FALSE,TRUE,FALSE,FALSE,FALSE
1,1,0,0,360,1,1,9734,5.192956851,9.18338019,FALSE,FALSE,FALSE,FALSE,TRUE,FALSE,FALSE,FALSE
1,0,1,0,360,1,1,6700,4.997212274,8.809862805,TRUE,FALSE,FALSE,FALSE,TRUE,FALSE,FALSE,TRUE
1,0,0,0,360,1,1,37719,5.023880521,10.53791923,TRUE,FALSE,FALSE,FALSE,TRUE,TRUE,FALSE,FALSE
1,1,0,0,300,1,1,15666,5.164785974,9.659248038,FALSE,FALSE,FALSE,FALSE,TRUE,FALSE,FALSE,FALSE
1,1,0,1,360,1,1,4676,4.86753445,8.450198323,FALSE,FALSE,FALSE,FALSE,FALSE,TRUE,FALSE,FALSE
1,1,1,0,360,1,1,4652,4.700480366,8.445052514,FALSE,FALSE,FALSE,FALSE,FALSE,FALSE,TRUE,FALSE
1,1,0,0,360,1,0,4915,4.007333185,8.500047033,FALSE,FALSE,FALSE,FALSE,FALSE,FALSE,FALSE,FALSE
1,1,0,0,360,0,0,5050,5.010635294,8.527143522,FALSE,FALSE,FALSE,FALSE,FALSE,FALSE,TRUE,FALSE
1,0,1,1,360,1,0,4311,5.247024072,8.368925175,TRUE,FALSE,FALSE,FALSE,FALSE,TRUE,FALSE,FALSE
1,1,1,0,360,0,0,3564,4.828313737,8.178638789,FALSE,FALSE,FALSE,TRUE,FALSE,FALSE,TRUE,FALSE
1,1,1,0,300,1,1,3414,4.094344562,8.135639903,FALSE,TRUE,FALSE,TRUE,FALSE,FALSE,TRUE,FALSE
1,1,0,0,360,0,0,5681,5.003946306,8.644882553,FALSE,FALSE,FALSE,FALSE,FALSE,FALSE,FALSE,FALSE
1,1,0,0,180,0,1,4949,4.49980967,8.506940815,FALSE,FALSE,FALSE,FALSE,FALSE,FALSE,FALSE,FALSE
1,0,0,1,360,1,1,7085,4.430816799,8.865735152,TRUE,FALSE,FALSE,FALSE,TRUE,FALSE,FALSE,FALSE
1,1,0,0,360,1,1,3859,4.564348191,8.258163362,TRUE,FALSE,FALSE,TRUE,FALSE,FALSE,TRUE,FALSE
1,1,0,0,360,1,1,4301,4.770684624,8.366602833,FALSE,TRUE,FALSE,FALSE,FALSE,FALSE,FALSE,FALSE
1,1,0,0,360,1,0,6277,5.153291594,8.744647438,FALSE,TRUE,FALSE,FALSE,TRUE,FALSE,FALSE,FALSE
1,0,0,0,360,1,1,4354,4.912654886,8.378850242,FALSE,FALSE,FALSE,FALSE,FALSE,FALSE,TRUE,FALSE
1,1,0,0,360,1,0,8334,5.075173815,9.028098812,TRUE,FALSE,FALSE,FALSE,TRUE,FALSE,FALSE,FALSE
1,1,0,1,360,1,1,6166,5.075173815,8.726805608,TRUE,FALSE,FALSE,FALSE,TRUE,FALSE,FALSE,FALSE
1,1,0,0,180,1,1,7740,4.852030264,8.954156967,FALSE,TRUE,FALSE,FALSE,TRUE,FALSE,FALSE,TRUE
1,1,0,0,360,1,1,5203,5.030437921,8.556990661,FALSE,FALSE,FALSE,FALSE,FALSE,FALSE,FALSE,FALSE
0,0,1,0,360,1,1,5191,4.882801923,8.554681636,TRUE,FALSE,FALSE,FALSE,FALSE,TRUE,FALSE,FALSE
1,0,0,0,360,0,0,4166,4.584967479,8.334711622,TRUE,FALSE,FALSE,FALSE,FALSE,FALSE,FALSE,FALSE
1,0,0,0,360,1,1,6000,4.941642423,8.699514748,FALSE,FALSE,FALSE,FALSE,TRUE,FALSE,FALSE,FALSE
1,1,1,0,180,0,0,4611,4.248495242,8.436200032,FALSE,TRUE,FALSE,FALSE,FALSE,FALSE,FALSE,TRUE
1,1,0,0,360,1,1,16692,4.700480366,9.722684842,TRUE,FALSE,FALSE,FALSE,TRUE,FALSE,FALSE,FALSE
0,1,1,0,360,1,1,3127,4.584967479,8.047829357,TRUE,FALSE,FALSE,TRUE,FALSE,FALSE,TRUE,FALSE
1,1,0,0,360,1,0,6784,4.700480366,8.822322177,FALSE,TRUE,FALSE,FALSE,TRUE,FALSE,FALSE,FALSE
1,1,0,1,360,1,1,5529,5.087596335,8.617762246,TRUE,FALSE,FALSE,FALSE,FALSE,TRUE,FALSE,FALSE
1,1,1,0,180,0,0,4153,4.727387819,8.331586244,FALSE,FALSE,FALSE,FALSE,FALSE,TRUE,FALSE,FALSE
1,1,0,0,360,1,1,4691,4.605170186,8.453401058,TRUE,FALSE,FALSE,FALSE,FALSE,FALSE,FALSE,TRUE
0,0,0,1,360,1,1,2500,4.532599493,7.824046011,FALSE,TRUE,FALSE,TRUE,FALSE,FALSE,FALSE,FALSE
1,0,0,0,360,1,1,10180,5.087596335,9.22818029,FALSE,FALSE,FALSE,FALSE,TRUE,FALSE,TRUE,FALSE
1,1,0,1,360,1,1,17539,5.010635294,9.772182252,FALSE,FALSE,FALSE,FALSE,TRUE,FALSE,TRUE,FALSE
1,1,0,0,300,1,1,8450,5.438079309,9.04192172,TRUE,FALSE,FALSE,FALSE,TRUE,FALSE,TRUE,FALSE
1,1,0,0,360,0,0,4745,4.882801923,8.464846711,TRUE,FALSE,FALSE,FALSE,FALSE,FALSE,TRUE,FALSE
1,1,0,1,360,1,1,18917,4.454347296,9.847816268,TRUE,FALSE,FALSE,FALSE,TRUE,TRUE,FALSE,FALSE
1,1,0,0,360,1,0,4550,4.986425673,8.422882512,FALSE,TRUE,FALSE,FALSE,FALSE,FALSE,TRUE,FALSE
0,0,1,0,360,1,1,4350,5.036952602,8.377931124,FALSE,FALSE,FALSE,FALSE,FALSE,FALSE,FALSE,FALSE
1,1,1,0,360,1,1,3095,4.727387819,8.037543185,FALSE,FALSE,FALSE,TRUE,FALSE,FALSE,FALSE,TRUE
1,1,0,0,360,1,1,5233,4.852030264,8.562740006,TRUE,FALSE,FALSE,FALSE,FALSE,FALSE,FALSE,FALSE
1,1,0,0,360,1,1,10833,5.455321115,9.29035231,TRUE,FALSE,FALSE,FALSE,TRUE,FALSE,FALSE,FALSE
1,1,0,0,360,1,1,8333,5.505331536,9.027978814,TRUE,FALSE,FALSE,FALSE,TRUE,FALSE,TRUE,FALSE
1,1,1,0,360,1,1,4394,4.875197323,8.387995253,FALSE,FALSE,FALSE,FALSE,FALSE,TRUE,FALSE,FALSE
1,0,0,0,360,0,0,3547,4.382026635,8.173857455,FALSE,FALSE,FALSE,TRUE,FALSE,FALSE,TRUE,FALSE
1,1,0,0,360,1,0,18333,6.214608098,9.816457994,FALSE,TRUE,FALSE,FALSE,TRUE,TRUE,FALSE,FALSE
1,1,0,1,360,1,1,6666,5.075173815,8.804775259,TRUE,FALSE,FALSE,FALSE,TRUE,FALSE,TRUE,FALSE
1,0,0,0,360,1,0,2435,4.317488114,7.797702036,FALSE,TRUE,TRUE,FALSE,FALSE,FALSE,FALSE,FALSE
1,0,1,0,360,1,1,5484,4.564348191,8.609590041,TRUE,FALSE,FALSE,FALSE,FALSE,FALSE,FALSE,FALSE
1,1,1,0,360,1,1,6464,5.225746674,8.7740036,FALSE,TRUE,FALSE,FALSE,TRUE,TRUE,FALSE,FALSE
1,0,1,0,360,1,1,3691,4.700480366,8.213652703,FALSE,FALSE,FALSE,TRUE,FALSE,FALSE,FALSE,FALSE
0,0,1,1,360,1,1,17263,5.416100402,9.756320762,TRUE,FALSE,FALSE,FALSE,TRUE,FALSE,FALSE,FALSE
1,1,0,0,360,0,0,5754,4.779123493,8.657650544,FALSE,FALSE,FALSE,FALSE,FALSE,FALSE,FALSE,FALSE
0,1,0,0,84,1,1,4239,4.65396035,8.352082671,TRUE,FALSE,FALSE,FALSE,FALSE,TRUE,FALSE,FALSE
1,1,1,0,360,1,1,4300,4.672828834,8.366370302,FALSE,FALSE,FALSE,FALSE,FALSE,FALSE,FALSE,FALSE
1,1,0,0,12,1,1,7482,4.709530201,8.920255415,FALSE,TRUE,FALSE,FALSE,TRUE,FALSE,FALSE,FALSE
1,1,0,1,360,1,1,2895,4.553876892,7.97074039,TRUE,FALSE,FALSE,TRUE,FALSE,TRUE,FALSE,FALSE
1,0,0,0,360,0,0,10699,5.342334252,9.277905558,FALSE,FALSE,FALSE,FALSE,TRUE,FALSE,FALSE,FALSE
0,0,0,0,480,1,1,4328,4.727387819,8.372860821,FALSE,FALSE,FALSE,FALSE,FALSE,FALSE,FALSE,FALSE
0,0,0,0,360,1,1,3159,4.605170186,8.058010801,TRUE,FALSE,FALSE,TRUE,FALSE,FALSE,FALSE,FALSE
1,1,0,0,360,1,1,10489,5.33753808,9.258082368,TRUE,FALSE,FALSE,FALSE,TRUE,FALSE,TRUE,FALSE
1,1,1,0,360,1,0,9352,4.927253685,9.143345503,FALSE,FALSE,FALSE,FALSE,TRUE,TRUE,FALSE,FALSE
1,1,1,0,300,1,1,5297,4.820281566,8.574895902,TRUE,FALSE,FALSE,FALSE,FALSE,FALSE,FALSE,FALSE
1,1,0,0,360,1,1,7926,5.493061443,8.977903774,FALSE,FALSE,FALSE,FALSE,TRUE,FALSE,TRUE,FALSE
1,1,0,0,360,1,1,27500,6.173786104,10.22194128,FALSE,TRUE,FALSE,FALSE,TRUE,FALSE,FALSE,FALSE
1,0,0,0,360,1,0,3583,4.564348191,8.183955717,FALSE,TRUE,FALSE,TRUE,FALSE,FALSE,FALSE,FALSE
1,1,0,1,360,1,1,5492,5.236441963,8.611047767,FALSE,TRUE,FALSE,FALSE,FALSE,FALSE,FALSE,FALSE
0,0,0,0,360,1,1,13262,3.688879454,9.492658082,FALSE,TRUE,FALSE,FALSE,TRUE,TRUE,FALSE,FALSE
1,0,1,0,360,1,0,4885,4.605170186,8.493924564,FALSE,FALSE,FALSE,FALSE,FALSE,FALSE,FALSE,FALSE
1,1,0,0,360,1,1,8069,5.521460918,8.995784838,TRUE,FALSE,FALSE,FALSE,TRUE,TRUE,FALSE,FALSE
1,1,0,0,360,1,1,5318,4.997212274,8.578852572,FALSE,TRUE,FALSE,FALSE,FALSE,FALSE,TRUE,FALSE
1,1,0,0,180,1,0,8796,4.248495242,9.082052352,TRUE,FALSE,FALSE,FALSE,TRUE,FALSE,FALSE,FALSE
1,0,0,0,360,1,0,9481,5.739792912,9.157045075,FALSE,FALSE,FALSE,FALSE,TRUE,FALSE,FALSE,FALSE
1,1,0,0,360,1,1,6894,5.010635294,8.838406747,FALSE,FALSE,FALSE,FALSE,TRUE,FALSE,FALSE,TRUE
0,1,0,0,480,1,1,3663,4.727387819,8.206037763,TRUE,FALSE,FALSE,TRUE,FALSE,FALSE,TRUE,FALSE
1,1,1,0,360,0,0,4874,4.812184355,8.491670234,TRUE,FALSE,FALSE,FALSE,FALSE,FALSE,FALSE,FALSE
1,0,0,0,360,1,0,6598,5.220355825,8.794521852,TRUE,FALSE,FALSE,FALSE,TRUE,FALSE,FALSE,FALSE
0,0,1,0,360,1,0,3400,4.553876892,8.131530711,FALSE,FALSE,FALSE,TRUE,FALSE,FALSE,FALSE,FALSE
1,1,1,0,360,1,1,3934,3.80666249,8.277411999,TRUE,FALSE,FALSE,TRUE,FALSE,FALSE,TRUE,FALSE
1,0,0,0,360,1,1,2500,4.007333185,7.824046011,TRUE,FALSE,FALSE,TRUE,FALSE,FALSE,FALSE,FALSE
1,1,0,1,360,1,1,7101,4.605170186,8.867990898,FALSE,FALSE,FALSE,FALSE,TRUE,FALSE,FALSE,TRUE
1,1,0,1,360,1,1,15114,6.173786104,9.623376746,FALSE,FALSE,FALSE,FALSE,TRUE,FALSE,TRUE,FALSE
1,0,0,0,360,1,0,6767,4.986425673,8.819813136,TRUE,FALSE,FALSE,FALSE,TRUE,FALSE,FALSE,FALSE
1,1,0,1,360,1,1,17500,5.991464547,9.76995616,FALSE,FALSE,FALSE,FALSE,TRUE,FALSE,TRUE,FALSE
1,1,0,0,360,1,1,3775,4.700480366,8.236155662,TRUE,FALSE,FALSE,TRUE,FALSE,FALSE,FALSE,FALSE
1,1,1,0,360,0,1,6715,5.081404365,8.812099109,TRUE,FALSE,FALSE,FALSE,TRUE,TRUE,FALSE,FALSE
1,0,1,0,360,1,1,3981,4.543294782,8.289288323,TRUE,FALSE,FALSE,TRUE,FALSE,TRUE,FALSE,FALSE
1,0,1,0,360,1,1,6783,4.86753445,8.822174761,TRUE,FALSE,FALSE,FALSE,TRUE,FALSE,FALSE,FALSE
1,1,0,0,360,1,1,6525,5.375278408,8.783396232,FALSE,FALSE,FALSE,FALSE,TRUE,FALSE,FALSE,FALSE
1,1,0,0,360,1,1,4281,4.605170186,8.361941906,FALSE,TRUE,FALSE,FALSE,FALSE,FALSE,FALSE,TRUE
1,0,0,0,360,0,0,3588,4.700480366,8.185350223,FALSE,FALSE,FALSE,TRUE,FALSE,FALSE,TRUE,FALSE
1,0,0,0,360,1,0,11250,5.278114659,9.328123408,TRUE,FALSE,FALSE,FALSE,TRUE,TRUE,FALSE,FALSE
0,0,1,1,360,1,1,18165,4.828313737,9.807251945,FALSE,TRUE,FALSE,FALSE,TRUE,FALSE,FALSE,FALSE
1,0,1,0,360,1,1,4592,4.836281907,8.432070938,FALSE,FALSE,FALSE,FALSE,FALSE,FALSE,FALSE,FALSE
1,1,0,0,360,1,1,10039,5.780743516,9.214232787,FALSE,TRUE,FALSE,FALSE,TRUE,FALSE,FALSE,FALSE
1,0,0,0,360,1,1,3617,4.672828834,8.193400232,TRUE,FALSE,FALSE,TRUE,FALSE,FALSE,TRUE,FALSE
1,1,1,0,360,1,0,3453,4.189654742,8.146998697,FALSE,FALSE,FALSE,TRUE,FALSE,FALSE,FALSE,FALSE
1,1,0,0,180,1,1,6417,5.056245805,8.766705998,FALSE,FALSE,FALSE,FALSE,TRUE,FALSE,FALSE,TRUE
0,1,0,0,180,1,1,7453,4.941642423,8.916371915,TRUE,FALSE,FALSE,FALSE,TRUE,TRUE,FALSE,FALSE
0,0,0,0,360,0,0,2138,4.59511985,7.667626092,TRUE,FALSE,TRUE,FALSE,FALSE,FALSE,FALSE,FALSE
0,0,0,0,360,1,1,3652,4.553876892,8.203030242,TRUE,FALSE,FALSE,TRUE,FALSE,TRUE,FALSE,FALSE
1,1,1,0,360,1,1,4763,4.852030264,8.468633001,FALSE,TRUE,FALSE,FALSE,FALSE,TRUE,FALSE,FALSE
0,1,1,0,360,1,1,3680,4.624972813,8.210668031,TRUE,FALSE,FALSE,TRUE,FALSE,FALSE,FALSE,FALSE
1,1,0,0,360,1,1,4718,5.043425117,8.45914026,FALSE,FALSE,FALSE,FALSE,FALSE,FALSE,FALSE,FALSE
1,0,1,0,36,1,0,3358,4.382026635,8.119100838,TRUE,FALSE,FALSE,TRUE,FALSE,FALSE,FALSE,FALSE
1,0,0,0,360,1,1,4309,4.976733742,8.368461138,FALSE,FALSE,FALSE,FALSE,FALSE,FALSE,FALSE,FALSE
0,0,0,0,360,0,0,5000,4.634728988,8.517193191,TRUE,FALSE,FALSE,FALSE,FALSE,FALSE,FALSE,FALSE
1,1,0,0,360,1,1,4801,4.700480366,8.476579509,FALSE,FALSE,FALSE,FALSE,FALSE,FALSE,FALSE,FALSE
1,1,0,1,360,0,0,6633,4.986425673,8.79981247,FALSE,FALSE,FALSE,FALSE,TRUE,FALSE,TRUE,FALSE
1,1,1,0,360,1,1,4867,4.986425673,8.49023301,FALSE,FALSE,FALSE,FALSE,FALSE,TRUE,FALSE,FALSE
1,1,0,0,360,1,1,6583,5.062595033,8.792245847,FALSE,TRUE,FALSE,FALSE,TRUE,TRUE,FALSE,FALSE
1,1,1,0,360,0,0,4787,5.198497031,8.473659189,FALSE,TRUE,FALSE,FALSE,FALSE,FALSE,FALSE,FALSE
1,1,0,0,180,0,0,7859,4.882801923,8.969414651,FALSE,FALSE,FALSE,FALSE,TRUE,FALSE,FALSE,FALSE
1,1,0,0,360,1,1,6500,3.258096538,8.779557456,TRUE,FALSE,FALSE,FALSE,TRUE,TRUE,FALSE,FALSE
0,0,0,0,360,1,1,4292,4.430816799,8.364508104,FALSE,TRUE,FALSE,FALSE,FALSE,FALSE,FALSE,FALSE
1,1,0,1,360,1,1,10139,5.560681631,9.224144653,TRUE,FALSE,FALSE,FALSE,TRUE,FALSE,FALSE,TRUE
1,1,0,0,360,1,1,6556,5.087596335,8.78813594,TRUE,FALSE,FALSE,FALSE,TRUE,FALSE,FALSE,FALSE
0,1,0,0,360,1,1,6486,5.204006687,8.777401287,TRUE,FALSE,FALSE,FALSE,TRUE,FALSE,FALSE,FALSE
1,1,1,0,360,1,1,3917,4.682131227,8.273081334,TRUE,FALSE,FALSE,TRUE,FALSE,FALSE,TRUE,FALSE
0,1,0,1,360,1,1,19484,6.396929655,9.877348895,TRUE,FALSE,FALSE,FALSE,TRUE,TRUE,FALSE,FALSE
1,1,0,0,360,1,1,7977,5.351858133,8.98431768,FALSE,FALSE,FALSE,FALSE,TRUE,FALSE,FALSE,FALSE
1,0,1,1,360,1,1,5800,4.882801923,8.665613197,TRUE,FALSE,FALSE,FALSE,FALSE,FALSE,FALSE,FALSE
1,1,0,0,360,0,0,8799,5.552959585,9.082393358,FALSE,TRUE,FALSE,FALSE,TRUE,FALSE,TRUE,FALSE
1,1,1,0,360,1,1,4467,4.787491743,8.404472321,FALSE,FALSE,FALSE,FALSE,FALSE,FALSE,FALSE,FALSE
1,0,0,0,360,1,1,3333,4.248495242,8.111628078,FALSE,TRUE,FALSE,TRUE,FALSE,FALSE,FALSE,FALSE
1,1,0,0,360,0,0,5900,4.812184355,8.68270763,FALSE,FALSE,FALSE,FALSE,FALSE,FALSE,FALSE,TRUE
0,0,0,0,360,1,0,2378,2.197224577,7.774015077,FALSE,TRUE,TRUE,FALSE,FALSE,FALSE,FALSE,FALSE
1,1,0,0,360,0,0,5230,4.644390899,8.562166557,FALSE,TRUE,FALSE,FALSE,FALSE,FALSE,FALSE,FALSE
1,1,0,0,360,1,1,5167,5.225746674,8.550047528,FALSE,TRUE,FALSE,FALSE,FALSE,TRUE,FALSE,FALSE
1,1,0,0,360,0,0,6567,5.105945474,8.789812386,FALSE,TRUE,FALSE,FALSE,TRUE,FALSE,FALSE,FALSE
1,1,0,0,360,1,1,16666,5.616771098,9.721125995,FALSE,TRUE,FALSE,FALSE,TRUE,FALSE,TRUE,FALSE
1,1,1,0,480,1,0,7750,5.231108617,8.955448122,TRUE,FALSE,FALSE,FALSE,TRUE,FALSE,TRUE,FALSE
1,1,0,0,360,1,0,6406,5.010635294,8.76499033,TRUE,FALSE,FALSE,FALSE,TRUE,FALSE,FALSE,TRUE
1,1,0,0,84,1,1,3620,4.682131227,8.194229305,FALSE,TRUE,FALSE,TRUE,FALSE,FALSE,TRUE,FALSE
1,1,0,0,360,0,0,5297,4.912654886,8.574895902,TRUE,FALSE,FALSE,FALSE,FALSE,FALSE,FALSE,FALSE
1,0,0,0,360,1,1,5968,4.700480366,8.694167142,FALSE,TRUE,FALSE,FALSE,FALSE,FALSE,FALSE,FALSE
1,1,0,0,360,1,1,4014,4.672828834,8.297543529,FALSE,FALSE,FALSE,FALSE,FALSE,TRUE,FALSE,FALSE
1,0,0,0,360,1,1,6099,5.081404365,8.715880102,FALSE,TRUE,FALSE,FALSE,TRUE,FALSE,FALSE,FALSE
1,1,0,0,360,1,1,6540,5.323009979,8.785692444,TRUE,FALSE,FALSE,FALSE,TRUE,FALSE,TRUE,FALSE
1,0,0,0,360,1,0,35673,4.49980967,10.48214938,FALSE,TRUE,FALSE,FALSE,TRUE,FALSE,FALSE,FALSE
0,1,0,0,360,1,1,3166,3.583518938,8.06022424,TRUE,FALSE,FALSE,TRUE,FALSE,FALSE,FALSE,FALSE
1,1,0,0,360,1,0,1880,4.110873864,7.539027056,FALSE,FALSE,TRUE,FALSE,FALSE,TRUE,FALSE,FALSE
1,1,0,0,360,0,0,4704,4.983606622,8.45616849,FALSE,FALSE,FALSE,FALSE,FALSE,TRUE,FALSE,FALSE
1,1,0,0,84,1,0,7283,5.147494477,8.893298144,FALSE,FALSE,FALSE,FALSE,TRUE,TRUE,FALSE,FALSE
1,1,0,0,360,1,1,3819,4.644390899,8.247743887,FALSE,TRUE,FALSE,TRUE,FALSE,FALSE,FALSE,FALSE
0,0,1,0,360,1,1,2165,4.248495242,7.68017564,TRUE,FALSE,TRUE,FALSE,FALSE,FALSE,FALSE,FALSE
1,0,0,0,360,1,1,4750,4.543294782,8.465899897,TRUE,FALSE,FALSE,FALSE,FALSE,FALSE,FALSE,FALSE
1,1,0,1,360,0,0,2726,4.663439094,7.910590612,TRUE,FALSE,FALSE,TRUE,FALSE,FALSE,TRUE,FALSE
1,1,0,0,180,1,1,6416,4.025351691,8.76655015,TRUE,FALSE,FALSE,FALSE,TRUE,FALSE,FALSE,FALSE
1,1,0,1,240,1,0,6000,5.323009979,8.699514748,TRUE,FALSE,FALSE,FALSE,TRUE,FALSE,TRUE,FALSE
1,0,0,1,360,1,1,9357,5.676753802,9.143880005,TRUE,FALSE,FALSE,FALSE,TRUE,FALSE,FALSE,TRUE
1,1,0,0,180,1,1,7159,4.955827058,8.876125585,FALSE,FALSE,FALSE,FALSE,TRUE,FALSE,FALSE,FALSE
1,1,0,1,360,1,1,16120,5.560681631,9.687816016,FALSE,TRUE,FALSE,FALSE,TRUE,FALSE,FALSE,FALSE
1,0,1,0,360,1,1,3833,4.700480366,8.251403065,FALSE,FALSE,FALSE,TRUE,FALSE,FALSE,FALSE,FALSE
1,1,1,1,360,1,0,7383,5.231108617,8.906935339,FALSE,FALSE,FALSE,FALSE,TRUE,FALSE,TRUE,FALSE
1,0,0,0,360,0,0,2987,4.477336814,8.002024818,TRUE,FALSE,FALSE,TRUE,FALSE,FALSE,FALSE,FALSE
1,1,0,1,360,1,1,9963,5.192956851,9.20663351,FALSE,FALSE,FALSE,FALSE,TRUE,FALSE,FALSE,FALSE
1,1,0,0,360,1,1,5780,5.257495372,8.662158962,FALSE,TRUE,FALSE,FALSE,FALSE,FALSE,TRUE,FALSE
0,0,0,0,180,1,0,42083,5.857933154,10.64739914,FALSE,TRUE,FALSE,FALSE,TRUE,FALSE,FALSE,TRUE
1,1,1,0,360,1,1,5686,5.043425117,8.645762292,FALSE,FALSE,FALSE,FALSE,FALSE,FALSE,FALSE,FALSE
1,1,0,0,360,1,1,5703,4.852030264,8.648747631,FALSE,TRUE,FALSE,FALSE,FALSE,FALSE,FALSE,TRUE
1,0,0,0,360,1,1,7977,5.147494477,8.98431768,FALSE,FALSE,FALSE,FALSE,TRUE,FALSE,FALSE,FALSE
0,1,0,0,360,1,1,12000,6.206575927,9.392661929,TRUE,FALSE,FALSE,FALSE,TRUE,TRUE,FALSE,FALSE
1,1,1,0,180,1,0,6200,4.986425673,8.732304571,FALSE,TRUE,FALSE,FALSE,TRUE,FALSE,FALSE,FALSE
1,1,0,0,360,1,1,5900,5.153291594,8.68270763,TRUE,FALSE,FALSE,FALSE,FALSE,TRUE,FALSE,FALSE
1,1,1,0,360,1,1,5398,5.056245805,8.593783794,FALSE,FALSE,FALSE,FALSE,FALSE,FALSE,TRUE,FALSE
1,1,0,0,360,1,1,5182,4.682131227,8.552946361,FALSE,FALSE,FALSE,FALSE,FALSE,FALSE,FALSE,FALSE
0,0,0,0,360,1,1,2900,4.262679877,7.972466016,FALSE,FALSE,FALSE,TRUE,FALSE,FALSE,FALSE,FALSE
1,1,0,0,180,1,1,4106,3.688879454,8.320204598,FALSE,FALSE,FALSE,FALSE,FALSE,FALSE,FALSE,TRUE
1,1,0,0,360,1,1,8312,5.533389489,9.025455533,FALSE,TRUE,FALSE,FALSE,TRUE,TRUE,FALSE,FALSE
1,1,0,0,360,1,1,7583,5.231108617,8.933664179,FALSE,TRUE,FALSE,FALSE,TRUE,FALSE,TRUE,FALSE
0,0,0,1,360,0,0,4583,4.890349128,8.430109085,TRUE,FALSE,FALSE,FALSE,FALSE,FALSE,FALSE,FALSE
